[     746ms] [LOG] %cINFO%c /Users/hynding/.cargo/registry/src/index.crates.io-1949cf8c6b5b557f/bevy_winit-0.17.3/src/system.rs:69%c Creating new window Breakneck Baseball (0v0) color: whitesmoke; background: #444 color: gray; font-style: italic color: inherit @ http://localhost:8124/out/breakneck-baseball.js:981
[     759ms] [LOG] %cINFO%c /Users/hynding/.cargo/registry/src/index.crates.io-1949cf8c6b5b557f/bevy_render-0.17.3/src/renderer/mod.rs:272%c AdapterInfo { name: "ANGLE (Apple, ANGLE Metal Renderer: Apple M4 Max, Unspecified Version)", vendor: 4203, device: 0, device_type: IntegratedGpu, driver: "", driver_info: "WebGL 2.0 (OpenGL ES 3.0 Chromium)", backend: Gl } color: whitesmoke; background: #444 color: gray; font-style: italic color: inherit @ http://localhost:8124/out/breakneck-baseball.js:981
[     808ms] [LOG] %cINFO%c /Users/hynding/.cargo/registry/src/index.crates.io-1949cf8c6b5b557f/bevy_render-0.17.3/src/batching/gpu_preprocessing.rs:1136%c GPU preprocessing is not supported on this device. Falling back to CPU preprocessing. color: whitesmoke; background: #444 color: gray; font-style: italic color: inherit @ http://localhost:8124/out/breakneck-baseball.js:981
[     809ms] [LOG] %cWARN%c /Users/hynding/.cargo/registry/src/index.crates.io-1949cf8c6b5b557f/bevy_core_pipeline-0.17.3/src/oit/resolve/mod.rs:71%c OrderIndependentTransparencyPlugin not loaded. GPU lacks support: DownlevelFlags::FRAGMENT_WRITABLE_STORAGE. color: orange; background: #444 color: gray; font-style: italic color: inherit @ http://localhost:8124/out/breakneck-baseball.js:981
[     811ms] [LOG] %cWARN%c /Users/hynding/.cargo/registry/src/index.crates.io-1949cf8c6b5b557f/bevy_pbr-0.17.3/src/ssao/mod.rs:70%c ScreenSpaceAmbientOcclusionPlugin not loaded. GPU lacks support: TextureFormat::R16Float does not support TextureUsages::STORAGE_BINDING. color: orange; background: #444 color: gray; font-style: italic color: inherit @ http://localhost:8124/out/breakneck-baseball.js:981
[     811ms] [LOG] %cINFO%c /Users/hynding/.cargo/registry/src/index.crates.io-1949cf8c6b5b557f/bevy_pbr-0.17.3/src/light_probe/generate.rs:130%c Disabling EnvironmentMapGenerationPlugin because compute is not supported on this platform. This is safe to ignore if you are not using EnvironmentMapGenerationPlugin. color: whitesmoke; background: #444 color: gray; font-style: italic color: inherit @ http://localhost:8124/out/breakneck-baseball.js:981
[     812ms] [LOG] %cWARN%c /Users/hynding/.cargo/registry/src/index.crates.io-1949cf8c6b5b557f/bevy_pbr-0.17.3/src/atmosphere/mod.rs:126%c AtmospherePlugin not loaded. GPU lacks support for compute shaders. color: orange; background: #444 color: gray; font-style: italic color: inherit @ http://localhost:8124/out/breakneck-baseball.js:981
[     816ms] [LOG] bb-state menu @ http://localhost:8124/out/breakneck-baseball.js:998
[     976ms] [LOG] %cINFO%c /Users/hynding/.cargo/registry/src/index.crates.io-1949cf8c6b5b557f/bevy_post_process-0.17.3/src/dof/mod.rs:825%c Disabling depth of field on this platform because depth textures aren't supported correctly color: whitesmoke; background: #444 color: gray; font-style: italic color: inherit @ http://localhost:8124/out/breakneck-baseball.js:981
[   14146ms] [LOG] %cWARN%c %c warning[B0004]: Entity 49v0 with the GlobalTransform component has a parent (48v0) without GlobalTransform.
This will cause inconsistent behaviors! See: https://bevy.org/learn/errors/b0004 log.target = "bevy_ecs::hierarchy";
log.module_path = "bevy_ecs::hierarchy";
log.file = "/Users/hynding/.cargo/registry/src/index.crates.io-1949cf8c6b5b557f/bevy_ecs-0.17.3/src/hierarchy.rs";
log.line = 463; color: orange; background: #444 color: gray; font-style: italic color: inherit @ http://localhost:8124/out/breakneck-baseball.js:981
[   14146ms] [LOG] %cWARN%c %c warning[B0004]: Entity 50v0 with the GlobalTransform component has a parent (48v0) without GlobalTransform.
This will cause inconsistent behaviors! See: https://bevy.org/learn/errors/b0004 log.target = "bevy_ecs::hierarchy";
log.module_path = "bevy_ecs::hierarchy";
log.file = "/Users/hynding/.cargo/registry/src/index.crates.io-1949cf8c6b5b557f/bevy_ecs-0.17.3/src/hierarchy.rs";
log.line = 463; color: orange; background: #444 color: gray; font-style: italic color: inherit @ http://localhost:8124/out/breakneck-baseball.js:981
[   14146ms] [LOG] %cWARN%c %c warning[B0004]: Entity 51v0 with the GlobalTransform component has a parent (48v0) without GlobalTransform.
This will cause inconsistent behaviors! See: https://bevy.org/learn/errors/b0004 log.target = "bevy_ecs::hierarchy";
log.module_path = "bevy_ecs::hierarchy";
log.file = "/Users/hynding/.cargo/registry/src/index.crates.io-1949cf8c6b5b557f/bevy_ecs-0.17.3/src/hierarchy.rs";
log.line = 463; color: orange; background: #444 color: gray; font-style: italic color: inherit @ http://localhost:8124/out/breakneck-baseball.js:981
[   14153ms] [LOG] bb-state playing @ http://localhost:8124/out/breakneck-baseball.js:998
[ 7356774ms] [LOG] %cWARN%c %c System 'bevy_render::batching::gpu_preprocessing::batch_and_prepare_binned_render_phase<bevy_core_pipeline::deferred::AlphaMask3dDeferred, bevy_pbr::render::mesh::MeshPipeline>' has not run for 3258167296 ticks. Changes older than 3258167295 ticks will not be detected. log.target = "bevy_ecs::system::system";
log.module_path = "bevy_ecs::system::system";
log.file = "/Users/hynding/.cargo/registry/src/index.crates.io-1949cf8c6b5b557f/bevy_ecs-0.17.3/src/system/system.rs";
log.line = 262; color: orange; background: #444 color: gray; font-style: italic color: inherit @ http://localhost:8124/out/breakneck-baseball.js:981
[ 7356774ms] [LOG] %cWARN%c %c System 'bevy_render::batching::gpu_preprocessing::batch_and_prepare_sorted_render_phase<bevy_core_pipeline::core_3d::Transmissive3d, bevy_pbr::render::mesh::MeshPipeline>' has not run for 3258167296 ticks. Changes older than 3258167295 ticks will not be detected. log.target = "bevy_ecs::system::system";
log.module_path = "bevy_ecs::system::system";
log.file = "/Users/hynding/.cargo/registry/src/index.crates.io-1949cf8c6b5b557f/bevy_ecs-0.17.3/src/system/system.rs";
log.line = 262; color: orange; background: #444 color: gray; font-style: italic color: inherit @ http://localhost:8124/out/breakneck-baseball.js:981
[ 7356774ms] [LOG] %cWARN%c %c System 'bevy_render::batching::gpu_preprocessing::batch_and_prepare_sorted_render_phase<bevy_core_pipeline::core_3d::Transparent3d, bevy_pbr::render::mesh::MeshPipeline>' has not run for 3258167296 ticks. Changes older than 3258167295 ticks will not be detected. log.target = "bevy_ecs::system::system";
log.module_path = "bevy_ecs::system::system";
log.file = "/Users/hynding/.cargo/registry/src/index.crates.io-1949cf8c6b5b557f/bevy_ecs-0.17.3/src/system/system.rs";
log.line = 262; color: orange; background: #444 color: gray; font-style: italic color: inherit @ http://localhost:8124/out/breakneck-baseball.js:981
[ 7356774ms] [LOG] %cWARN%c %c System 'bevy_render::batching::gpu_preprocessing::batch_and_prepare_binned_render_phase<bevy_core_pipeline::prepass::Opaque3dPrepass, bevy_pbr::render::mesh::MeshPipeline>' has not run for 3258167296 ticks. Changes older than 3258167295 ticks will not be detected. log.target = "bevy_ecs::system::system";
log.module_path = "bevy_ecs::system::system";
log.file = "/Users/hynding/.cargo/registry/src/index.crates.io-1949cf8c6b5b557f/bevy_ecs-0.17.3/src/system/system.rs";
log.line = 262; color: orange; background: #444 color: gray; font-style: italic color: inherit @ http://localhost:8124/out/breakneck-baseball.js:981
[ 7356774ms] [LOG] %cWARN%c %c System 'bevy_render::batching::gpu_preprocessing::batch_and_prepare_binned_render_phase<bevy_core_pipeline::prepass::AlphaMask3dPrepass, bevy_pbr::render::mesh::MeshPipeline>' has not run for 3258167296 ticks. Changes older than 3258167295 ticks will not be detected. log.target = "bevy_ecs::system::system";
log.module_path = "bevy_ecs::system::system";
log.file = "/Users/hynding/.cargo/registry/src/index.crates.io-1949cf8c6b5b557f/bevy_ecs-0.17.3/src/system/system.rs";
log.line = 262; color: orange; background: #444 color: gray; font-style: italic color: inherit @ http://localhost:8124/out/breakneck-baseball.js:981
[ 7356774ms] [LOG] %cWARN%c %c System 'bevy_render::batching::gpu_preprocessing::batch_and_prepare_binned_render_phase<bevy_core_pipeline::deferred::Opaque3dDeferred, bevy_pbr::render::mesh::MeshPipeline>' has not run for 3258167296 ticks. Changes older than 3258167295 ticks will not be detected. log.target = "bevy_ecs::system::system";
log.module_path = "bevy_ecs::system::system";
log.file = "/Users/hynding/.cargo/registry/src/index.crates.io-1949cf8c6b5b557f/bevy_ecs-0.17.3/src/system/system.rs";
log.line = 262; color: orange; background: #444 color: gray; font-style: italic color: inherit @ http://localhost:8124/out/breakneck-baseball.js:981
[ 7356774ms] [LOG] %cWARN%c %c System 'bevy_render::batching::gpu_preprocessing::batch_and_prepare_binned_render_phase<bevy_pbr::render::light::Shadow, bevy_pbr::render::mesh::MeshPipeline>' has not run for 3258167296 ticks. Changes older than 3258167295 ticks will not be detected. log.target = "bevy_ecs::system::system";
log.module_path = "bevy_ecs::system::system";
log.file = "/Users/hynding/.cargo/registry/src/index.crates.io-1949cf8c6b5b557f/bevy_ecs-0.17.3/src/system/system.rs";
log.line = 262; color: orange; background: #444 color: gray; font-style: italic color: inherit @ http://localhost:8124/out/breakneck-baseball.js:981
[ 7356774ms] [LOG] %cWARN%c %c System 'bevy_render::batching::gpu_preprocessing::batch_and_prepare_binned_render_phase<bevy_core_pipeline::core_3d::AlphaMask3d, bevy_pbr::render::mesh::MeshPipeline>' has not run for 3258167296 ticks. Changes older than 3258167295 ticks will not be detected. log.target = "bevy_ecs::system::system";
log.module_path = "bevy_ecs::system::system";
log.file = "/Users/hynding/.cargo/registry/src/index.crates.io-1949cf8c6b5b557f/bevy_ecs-0.17.3/src/system/system.rs";
log.line = 262; color: orange; background: #444 color: gray; font-style: italic color: inherit @ http://localhost:8124/out/breakneck-baseball.js:981
[ 7356774ms] [LOG] %cWARN%c %c System 'bevy_render::batching::gpu_preprocessing::batch_and_prepare_binned_render_phase<bevy_core_pipeline::core_3d::Opaque3d, bevy_pbr::render::mesh::MeshPipeline>' has not run for 3258167296 ticks. Changes older than 3258167295 ticks will not be detected. log.target = "bevy_ecs::system::system";
log.module_path = "bevy_ecs::system::system";
log.file = "/Users/hynding/.cargo/registry/src/index.crates.io-1949cf8c6b5b557f/bevy_ecs-0.17.3/src/system/system.rs";
log.line = 262; color: orange; background: #444 color: gray; font-style: italic color: inherit @ http://localhost:8124/out/breakneck-baseball.js:981
[ 7356774ms] [LOG] %cWARN%c %c System 'bevy_core_pipeline::experimental::mip_generation::prepare_view_depth_pyramids' has not run for 3258167296 ticks. Changes older than 3258167295 ticks will not be detected. log.target = "bevy_ecs::system::system";
log.module_path = "bevy_ecs::system::system";
log.file = "/Users/hynding/.cargo/registry/src/index.crates.io-1949cf8c6b5b557f/bevy_ecs-0.17.3/src/system/system.rs";
log.line = 262; color: orange; background: #444 color: gray; font-style: italic color: inherit @ http://localhost:8124/out/breakneck-baseball.js:981
[ 7356775ms] [LOG] %cWARN%c %c System 'bevy_core_pipeline::experimental::mip_generation::prepare_downsample_depth_view_bind_groups' has not run for 3258167296 ticks. Changes older than 3258167295 ticks will not be detected. log.target = "bevy_ecs::system::system";
log.module_path = "bevy_ecs::system::system";
log.file = "/Users/hynding/.cargo/registry/src/index.crates.io-1949cf8c6b5b557f/bevy_ecs-0.17.3/src/system/system.rs";
log.line = 262; color: orange; background: #444 color: gray; font-style: italic color: inherit @ http://localhost:8124/out/breakneck-baseball.js:981
[ 7356775ms] [LOG] %cWARN%c %c System 'bevy_render::batching::gpu_preprocessing::collect_buffers_for_phase<bevy_core_pipeline::core_3d::Opaque3d, bevy_pbr::render::mesh::MeshPipeline>' has not run for 3258167296 ticks. Changes older than 3258167295 ticks will not be detected. log.target = "bevy_ecs::system::system";
log.module_path = "bevy_ecs::system::system";
log.file = "/Users/hynding/.cargo/registry/src/index.crates.io-1949cf8c6b5b557f/bevy_ecs-0.17.3/src/system/system.rs";
log.line = 262; color: orange; background: #444 color: gray; font-style: italic color: inherit @ http://localhost:8124/out/breakneck-baseball.js:981
[ 7356775ms] [LOG] %cWARN%c %c System 'bevy_render::batching::gpu_preprocessing::collect_buffers_for_phase<bevy_core_pipeline::core_3d::AlphaMask3d, bevy_pbr::render::mesh::MeshPipeline>' has not run for 3258167296 ticks. Changes older than 3258167295 ticks will not be detected. log.target = "bevy_ecs::system::system";
log.module_path = "bevy_ecs::system::system";
log.file = "/Users/hynding/.cargo/registry/src/index.crates.io-1949cf8c6b5b557f/bevy_ecs-0.17.3/src/system/system.rs";
log.line = 262; color: orange; background: #444 color: gray; font-style: italic color: inherit @ http://localhost:8124/out/breakneck-baseball.js:981
[ 7356775ms] [LOG] %cWARN%c %c System 'bevy_render::batching::gpu_preprocessing::collect_buffers_for_phase<bevy_pbr::render::light::Shadow, bevy_pbr::render::mesh::MeshPipeline>' has not run for 3258167296 ticks. Changes older than 3258167295 ticks will not be detected. log.target = "bevy_ecs::system::system";
log.module_path = "bevy_ecs::system::system";
log.file = "/Users/hynding/.cargo/registry/src/index.crates.io-1949cf8c6b5b557f/bevy_ecs-0.17.3/src/system/system.rs";
log.line = 262; color: orange; background: #444 color: gray; font-style: italic color: inherit @ http://localhost:8124/out/breakneck-baseball.js:981
[ 7356775ms] [LOG] %cWARN%c %c System 'bevy_render::batching::gpu_preprocessing::collect_buffers_for_phase<bevy_core_pipeline::deferred::AlphaMask3dDeferred, bevy_pbr::render::mesh::MeshPipeline>' has not run for 3258167296 ticks. Changes older than 3258167295 ticks will not be detected. log.target = "bevy_ecs::system::system";
log.module_path = "bevy_ecs::system::system";
log.file = "/Users/hynding/.cargo/registry/src/index.crates.io-1949cf8c6b5b557f/bevy_ecs-0.17.3/src/system/system.rs";
log.line = 262; color: orange; background: #444 color: gray; font-style: italic color: inherit @ http://localhost:8124/out/breakneck-baseball.js:981
[ 7356775ms] [LOG] %cWARN%c %c System 'bevy_render::batching::gpu_preprocessing::collect_buffers_for_phase<bevy_core_pipeline::core_3d::Transmissive3d, bevy_pbr::render::mesh::MeshPipeline>' has not run for 3258167296 ticks. Changes older than 3258167295 ticks will not be detected. log.target = "bevy_ecs::system::system";
log.module_path = "bevy_ecs::system::system";
log.file = "/Users/hynding/.cargo/registry/src/index.crates.io-1949cf8c6b5b557f/bevy_ecs-0.17.3/src/system/system.rs";
log.line = 262; color: orange; background: #444 color: gray; font-style: italic color: inherit @ http://localhost:8124/out/breakneck-baseball.js:981
[ 7356775ms] [LOG] %cWARN%c %c System 'bevy_render::batching::gpu_preprocessing::collect_buffers_for_phase<bevy_core_pipeline::core_3d::Transparent3d, bevy_pbr::render::mesh::MeshPipeline>' has not run for 3258167296 ticks. Changes older than 3258167295 ticks will not be detected. log.target = "bevy_ecs::system::system";
log.module_path = "bevy_ecs::system::system";
log.file = "/Users/hynding/.cargo/registry/src/index.crates.io-1949cf8c6b5b557f/bevy_ecs-0.17.3/src/system/system.rs";
log.line = 262; color: orange; background: #444 color: gray; font-style: italic color: inherit @ http://localhost:8124/out/breakneck-baseball.js:981
[ 7356775ms] [LOG] %cWARN%c %c System 'bevy_render::batching::gpu_preprocessing::collect_buffers_for_phase<bevy_core_pipeline::prepass::Opaque3dPrepass, bevy_pbr::render::mesh::MeshPipeline>' has not run for 3258167296 ticks. Changes older than 3258167295 ticks will not be detected. log.target = "bevy_ecs::system::system";
log.module_path = "bevy_ecs::system::system";
log.file = "/Users/hynding/.cargo/registry/src/index.crates.io-1949cf8c6b5b557f/bevy_ecs-0.17.3/src/system/system.rs";
log.line = 262; color: orange; background: #444 color: gray; font-style: italic color: inherit @ http://localhost:8124/out/breakneck-baseball.js:981
[ 7356775ms] [LOG] %cWARN%c %c System 'bevy_render::batching::gpu_preprocessing::collect_buffers_for_phase<bevy_core_pipeline::prepass::AlphaMask3dPrepass, bevy_pbr::render::mesh::MeshPipeline>' has not run for 3258167296 ticks. Changes older than 3258167295 ticks will not be detected. log.target = "bevy_ecs::system::system";
log.module_path = "bevy_ecs::system::system";
log.file = "/Users/hynding/.cargo/registry/src/index.crates.io-1949cf8c6b5b557f/bevy_ecs-0.17.3/src/system/system.rs";
log.line = 262; color: orange; background: #444 color: gray; font-style: italic color: inherit @ http://localhost:8124/out/breakneck-baseball.js:981
[ 7356775ms] [LOG] %cWARN%c %c System 'bevy_render::batching::gpu_preprocessing::collect_buffers_for_phase<bevy_core_pipeline::deferred::Opaque3dDeferred, bevy_pbr::render::mesh::MeshPipeline>' has not run for 3258167296 ticks. Changes older than 3258167295 ticks will not be detected. log.target = "bevy_ecs::system::system";
log.module_path = "bevy_ecs::system::system";
log.file = "/Users/hynding/.cargo/registry/src/index.crates.io-1949cf8c6b5b557f/bevy_ecs-0.17.3/src/system/system.rs";
log.line = 262; color: orange; background: #444 color: gray; font-style: italic color: inherit @ http://localhost:8124/out/breakneck-baseball.js:981
[ 9782612ms] [LOG] %cWARN%c %c System 'breakneck_baseball::game::present::camera::rigs::zoom_camera' has not run for 3258167296 ticks. Changes older than 3258167295 ticks will not be detected. log.target = "bevy_ecs::system::system";
log.module_path = "bevy_ecs::system::system";
log.file = "/Users/hynding/.cargo/registry/src/index.crates.io-1949cf8c6b5b557f/bevy_ecs-0.17.3/src/system/system.rs";
log.line = 262; color: orange; background: #444 color: gray; font-style: italic color: inherit @ http://localhost:8124/out/breakneck-baseball.js:981
[ 9782613ms] [LOG] %cWARN%c %c System 'breakneck_baseball::game::present::camera::rigs::orbit_camera' has not run for 3258167296 ticks. Changes older than 3258167295 ticks will not be detected. log.target = "bevy_ecs::system::system";
log.module_path = "bevy_ecs::system::system";
log.file = "/Users/hynding/.cargo/registry/src/index.crates.io-1949cf8c6b5b557f/bevy_ecs-0.17.3/src/system/system.rs";
log.line = 262; color: orange; background: #444 color: gray; font-style: italic color: inherit @ http://localhost:8124/out/breakneck-baseball.js:981
[ 9782613ms] [LOG] %cWARN%c %c System 'breakneck_baseball::game::meta::menu::game_over_restart' has not run for 3258167296 ticks. Changes older than 3258167295 ticks will not be detected. log.target = "bevy_ecs::system::system";
log.module_path = "bevy_ecs::system::system";
log.file = "/Users/hynding/.cargo/registry/src/index.crates.io-1949cf8c6b5b557f/bevy_ecs-0.17.3/src/system/system.rs";
log.line = 262; color: orange; background: #444 color: gray; font-style: italic color: inherit @ http://localhost:8124/out/breakneck-baseball.js:981
[ 9782613ms] [LOG] %cWARN%c %c System 'breakneck_baseball::game::sim::coach::observe' has not run for 3258167296 ticks. Changes older than 3258167295 ticks will not be detected. log.target = "bevy_ecs::system::system";
log.module_path = "bevy_ecs::system::system";
log.file = "/Users/hynding/.cargo/registry/src/index.crates.io-1949cf8c6b5b557f/bevy_ecs-0.17.3/src/system/system.rs";
log.line = 262; color: orange; background: #444 color: gray; font-style: italic color: inherit @ http://localhost:8124/out/breakneck-baseball.js:981
[ 9782613ms] [LOG] %cWARN%c %c System 'breakneck_baseball::game::sim::director::enforce_routing' has not run for 3258167296 ticks. Changes older than 3258167295 ticks will not be detected. log.target = "bevy_ecs::system::system";
log.module_path = "bevy_ecs::system::system";
log.file = "/Users/hynding/.cargo/registry/src/index.crates.io-1949cf8c6b5b557f/bevy_ecs-0.17.3/src/system/system.rs";
log.line = 262; color: orange; background: #444 color: gray; font-style: italic color: inherit @ http://localhost:8124/out/breakneck-baseball.js:981
[ 9782613ms] [LOG] %cWARN%c %c System 'breakneck_baseball::game::sim::director::direct' has not run for 3258167296 ticks. Changes older than 3258167295 ticks will not be detected. log.target = "bevy_ecs::system::system";
log.module_path = "bevy_ecs::system::system";
log.file = "/Users/hynding/.cargo/registry/src/index.crates.io-1949cf8c6b5b557f/bevy_ecs-0.17.3/src/system/system.rs";
log.line = 262; color: orange; background: #444 color: gray; font-style: italic color: inherit @ http://localhost:8124/out/breakneck-baseball.js:981
[ 9782614ms] [LOG] %cWARN%c %c System 'bevy_winit::accessibility::update_accessibility_nodes' has not run for 3258167296 ticks. Changes older than 3258167295 ticks will not be detected. log.target = "bevy_ecs::system::system";
log.module_path = "bevy_ecs::system::system";
log.file = "/Users/hynding/.cargo/registry/src/index.crates.io-1949cf8c6b5b557f/bevy_ecs-0.17.3/src/system/system.rs";
log.line = 262; color: orange; background: #444 color: gray; font-style: italic color: inherit @ http://localhost:8124/out/breakneck-baseball.js:981
[ 9782614ms] [LOG] %cWARN%c %c System 'bevy_asset::assets::Assets<bevy_asset::folder::LoadedFolder>::asset_events' has not run for 3258167296 ticks. Changes older than 3258167295 ticks will not be detected. log.target = "bevy_ecs::system::system";
log.module_path = "bevy_ecs::system::system";
log.file = "/Users/hynding/.cargo/registry/src/index.crates.io-1949cf8c6b5b557f/bevy_ecs-0.17.3/src/system/system.rs";
log.line = 262; color: orange; background: #444 color: gray; font-style: italic color: inherit @ http://localhost:8124/out/breakneck-baseball.js:981
[ 9782614ms] [LOG] %cWARN%c %c System 'bevy_asset::assets::Assets<bevy_asset::assets::LoadedUntypedAsset>::asset_events' has not run for 3258167296 ticks. Changes older than 3258167295 ticks will not be detected. log.target = "bevy_ecs::system::system";
log.module_path = "bevy_ecs::system::system";
log.file = "/Users/hynding/.cargo/registry/src/index.crates.io-1949cf8c6b5b557f/bevy_ecs-0.17.3/src/system/system.rs";
log.line = 262; color: orange; background: #444 color: gray; font-style: italic color: inherit @ http://localhost:8124/out/breakneck-baseball.js:981
[ 9782614ms] [LOG] %cWARN%c %c System 'bevy_asset::assets::Assets<()>::asset_events' has not run for 3258167296 ticks. Changes older than 3258167295 ticks will not be detected. log.target = "bevy_ecs::system::system";
log.module_path = "bevy_ecs::system::system";
log.file = "/Users/hynding/.cargo/registry/src/index.crates.io-1949cf8c6b5b557f/bevy_ecs-0.17.3/src/system/system.rs";
log.line = 262; color: orange; background: #444 color: gray; font-style: italic color: inherit @ http://localhost:8124/out/breakneck-baseball.js:981
[ 9782614ms] [LOG] %cWARN%c %c System 'bevy_asset::assets::Assets<bevy_scene::dynamic_scene::DynamicScene>::asset_events' has not run for 3258167296 ticks. Changes older than 3258167295 ticks will not be detected. log.target = "bevy_ecs::system::system";
log.module_path = "bevy_ecs::system::system";
log.file = "/Users/hynding/.cargo/registry/src/index.crates.io-1949cf8c6b5b557f/bevy_ecs-0.17.3/src/system/system.rs";
log.line = 262; color: orange; background: #444 color: gray; font-style: italic color: inherit @ http://localhost:8124/out/breakneck-baseball.js:981
[ 9782614ms] [LOG] %cWARN%c %c System 'bevy_asset::assets::Assets<bevy_render::storage::ShaderStorageBuffer>::asset_events' has not run for 3258167296 ticks. Changes older than 3258167295 ticks will not be detected. log.target = "bevy_ecs::system::system";
log.module_path = "bevy_ecs::system::system";
log.file = "/Users/hynding/.cargo/registry/src/index.crates.io-1949cf8c6b5b557f/bevy_ecs-0.17.3/src/system/system.rs";
log.line = 262; color: orange; background: #444 color: gray; font-style: italic color: inherit @ http://localhost:8124/out/breakneck-baseball.js:981
[ 9782614ms] [LOG] %cWARN%c %c System 'bevy_asset::assets::Assets<bevy_sprite_render::tilemap_chunk::tilemap_chunk_material::TilemapChunkMaterial>::asset_events' has not run for 3258167296 ticks. Changes older than 3258167295 ticks will not be detected. log.target = "bevy_ecs::system::system";
log.module_path = "bevy_ecs::system::system";
log.file = "/Users/hynding/.cargo/registry/src/index.crates.io-1949cf8c6b5b557f/bevy_ecs-0.17.3/src/system/system.rs";
log.line = 262; color: orange; background: #444 color: gray; font-style: italic color: inherit @ http://localhost:8124/out/breakneck-baseball.js:981
[ 9782614ms] [LOG] %cWARN%c %c System 'bevy_asset::assets::Assets<bevy_pbr::extended_material::ExtendedMaterial<bevy_pbr::pbr_material::StandardMaterial, bevy_pbr::decal::forward::ForwardDecalMaterialExt>>::asset_events' has not run for 3258167296 ticks. Changes older than 3258167295 ticks will not be detected. log.target = "bevy_ecs::system::system";
log.module_path = "bevy_ecs::system::system";
log.file = "/Users/hynding/.cargo/registry/src/index.crates.io-1949cf8c6b5b557f/bevy_ecs-0.17.3/src/system/system.rs";
log.line = 262; color: orange; background: #444 color: gray; font-style: italic color: inherit @ http://localhost:8124/out/breakneck-baseball.js:981
[ 9782614ms] [LOG] %cWARN%c %c System 'bevy_asset::assets::Assets<bevy_gltf::assets::GltfPrimitive>::asset_events' has not run for 3258167296 ticks. Changes older than 3258167295 ticks will not be detected. log.target = "bevy_ecs::system::system";
log.module_path = "bevy_ecs::system::system";
log.file = "/Users/hynding/.cargo/registry/src/index.crates.io-1949cf8c6b5b557f/bevy_ecs-0.17.3/src/system/system.rs";
log.line = 262; color: orange; background: #444 color: gray; font-style: italic color: inherit @ http://localhost:8124/out/breakneck-baseball.js:981
[ 9782615ms] [LOG] %cWARN%c %c System 'bevy_asset::assets::Assets<bevy_audio::pitch::Pitch>::asset_events' has not run for 3258167296 ticks. Changes older than 3258167295 ticks will not be detected. log.target = "bevy_ecs::system::system";
log.module_path = "bevy_ecs::system::system";
log.file = "/Users/hynding/.cargo/registry/src/index.crates.io-1949cf8c6b5b557f/bevy_ecs-0.17.3/src/system/system.rs";
log.line = 262; color: orange; background: #444 color: gray; font-style: italic color: inherit @ http://localhost:8124/out/breakneck-baseball.js:981
[ 9782615ms] [LOG] %cWARN%c %c System 'bevy_asset::assets::Assets<bevy_gizmos::GizmoAsset>::asset_events' has not run for 3258167296 ticks. Changes older than 3258167295 ticks will not be detected. log.target = "bevy_ecs::system::system";
log.module_path = "bevy_ecs::system::system";
log.file = "/Users/hynding/.cargo/registry/src/index.crates.io-1949cf8c6b5b557f/bevy_ecs-0.17.3/src/system/system.rs";
log.line = 262; color: orange; background: #444 color: gray; font-style: italic color: inherit @ http://localhost:8124/out/breakneck-baseball.js:981
[ 9782615ms] [LOG] %cWARN%c %c System 'bevy_gizmos::light::draw_all_lights' has not run for 3258167296 ticks. Changes older than 3258167295 ticks will not be detected. log.target = "bevy_ecs::system::system";
log.module_path = "bevy_ecs::system::system";
log.file = "/Users/hynding/.cargo/registry/src/index.crates.io-1949cf8c6b5b557f/bevy_ecs-0.17.3/src/system/system.rs";
log.line = 262; color: orange; background: #444 color: gray; font-style: italic color: inherit @ http://localhost:8124/out/breakneck-baseball.js:981
[ 9782615ms] [LOG] %cWARN%c %c System 'bevy_gizmos::aabb::draw_all_aabbs' has not run for 3258167296 ticks. Changes older than 3258167295 ticks will not be detected. log.target = "bevy_ecs::system::system";
log.module_path = "bevy_ecs::system::system";
log.file = "/Users/hynding/.cargo/registry/src/index.crates.io-1949cf8c6b5b557f/bevy_ecs-0.17.3/src/system/system.rs";
log.line = 262; color: orange; background: #444 color: gray; font-style: italic color: inherit @ http://localhost:8124/out/breakneck-baseball.js:981
[14707927ms] [LOG] %cWARN%c %c System 'bevy_render::batching::gpu_preprocessing::batch_and_prepare_binned_render_phase<bevy_core_pipeline::deferred::AlphaMask3dDeferred, bevy_pbr::render::mesh::MeshPipeline>' has not run for 3258167296 ticks. Changes older than 3258167295 ticks will not be detected. log.target = "bevy_ecs::system::system";
log.module_path = "bevy_ecs::system::system";
log.file = "/Users/hynding/.cargo/registry/src/index.crates.io-1949cf8c6b5b557f/bevy_ecs-0.17.3/src/system/system.rs";
log.line = 262; color: orange; background: #444 color: gray; font-style: italic color: inherit @ http://localhost:8124/out/breakneck-baseball.js:981
[14707927ms] [LOG] %cWARN%c %c System 'bevy_render::batching::gpu_preprocessing::batch_and_prepare_sorted_render_phase<bevy_core_pipeline::core_3d::Transmissive3d, bevy_pbr::render::mesh::MeshPipeline>' has not run for 3258167296 ticks. Changes older than 3258167295 ticks will not be detected. log.target = "bevy_ecs::system::system";
log.module_path = "bevy_ecs::system::system";
log.file = "/Users/hynding/.cargo/registry/src/index.crates.io-1949cf8c6b5b557f/bevy_ecs-0.17.3/src/system/system.rs";
log.line = 262; color: orange; background: #444 color: gray; font-style: italic color: inherit @ http://localhost:8124/out/breakneck-baseball.js:981
[14707927ms] [LOG] %cWARN%c %c System 'bevy_render::batching::gpu_preprocessing::batch_and_prepare_sorted_render_phase<bevy_core_pipeline::core_3d::Transparent3d, bevy_pbr::render::mesh::MeshPipeline>' has not run for 3258167296 ticks. Changes older than 3258167295 ticks will not be detected. log.target = "bevy_ecs::system::system";
log.module_path = "bevy_ecs::system::system";
log.file = "/Users/hynding/.cargo/registry/src/index.crates.io-1949cf8c6b5b557f/bevy_ecs-0.17.3/src/system/system.rs";
log.line = 262; color: orange; background: #444 color: gray; font-style: italic color: inherit @ http://localhost:8124/out/breakneck-baseball.js:981
[14707927ms] [LOG] %cWARN%c %c System 'bevy_render::batching::gpu_preprocessing::batch_and_prepare_binned_render_phase<bevy_core_pipeline::prepass::Opaque3dPrepass, bevy_pbr::render::mesh::MeshPipeline>' has not run for 3258167296 ticks. Changes older than 3258167295 ticks will not be detected. log.target = "bevy_ecs::system::system";
log.module_path = "bevy_ecs::system::system";
log.file = "/Users/hynding/.cargo/registry/src/index.crates.io-1949cf8c6b5b557f/bevy_ecs-0.17.3/src/system/system.rs";
log.line = 262; color: orange; background: #444 color: gray; font-style: italic color: inherit @ http://localhost:8124/out/breakneck-baseball.js:981
[14707927ms] [LOG] %cWARN%c %c System 'bevy_render::batching::gpu_preprocessing::batch_and_prepare_binned_render_phase<bevy_core_pipeline::prepass::AlphaMask3dPrepass, bevy_pbr::render::mesh::MeshPipeline>' has not run for 3258167296 ticks. Changes older than 3258167295 ticks will not be detected. log.target = "bevy_ecs::system::system";
log.module_path = "bevy_ecs::system::system";
log.file = "/Users/hynding/.cargo/registry/src/index.crates.io-1949cf8c6b5b557f/bevy_ecs-0.17.3/src/system/system.rs";
log.line = 262; color: orange; background: #444 color: gray; font-style: italic color: inherit @ http://localhost:8124/out/breakneck-baseball.js:981
[14707927ms] [LOG] %cWARN%c %c System 'bevy_render::batching::gpu_preprocessing::batch_and_prepare_binned_render_phase<bevy_core_pipeline::deferred::Opaque3dDeferred, bevy_pbr::render::mesh::MeshPipeline>' has not run for 3258167296 ticks. Changes older than 3258167295 ticks will not be detected. log.target = "bevy_ecs::system::system";
log.module_path = "bevy_ecs::system::system";
log.file = "/Users/hynding/.cargo/registry/src/index.crates.io-1949cf8c6b5b557f/bevy_ecs-0.17.3/src/system/system.rs";
log.line = 262; color: orange; background: #444 color: gray; font-style: italic color: inherit @ http://localhost:8124/out/breakneck-baseball.js:981
[14707927ms] [LOG] %cWARN%c %c System 'bevy_render::batching::gpu_preprocessing::batch_and_prepare_binned_render_phase<bevy_pbr::render::light::Shadow, bevy_pbr::render::mesh::MeshPipeline>' has not run for 3258167296 ticks. Changes older than 3258167295 ticks will not be detected. log.target = "bevy_ecs::system::system";
log.module_path = "bevy_ecs::system::system";
log.file = "/Users/hynding/.cargo/registry/src/index.crates.io-1949cf8c6b5b557f/bevy_ecs-0.17.3/src/system/system.rs";
log.line = 262; color: orange; background: #444 color: gray; font-style: italic color: inherit @ http://localhost:8124/out/breakneck-baseball.js:981
[14707927ms] [LOG] %cWARN%c %c System 'bevy_render::batching::gpu_preprocessing::batch_and_prepare_binned_render_phase<bevy_core_pipeline::core_3d::AlphaMask3d, bevy_pbr::render::mesh::MeshPipeline>' has not run for 3258167296 ticks. Changes older than 3258167295 ticks will not be detected. log.target = "bevy_ecs::system::system";
log.module_path = "bevy_ecs::system::system";
log.file = "/Users/hynding/.cargo/registry/src/index.crates.io-1949cf8c6b5b557f/bevy_ecs-0.17.3/src/system/system.rs";
log.line = 262; color: orange; background: #444 color: gray; font-style: italic color: inherit @ http://localhost:8124/out/breakneck-baseball.js:981
[14707927ms] [LOG] %cWARN%c %c System 'bevy_render::batching::gpu_preprocessing::batch_and_prepare_binned_render_phase<bevy_core_pipeline::core_3d::Opaque3d, bevy_pbr::render::mesh::MeshPipeline>' has not run for 3258167296 ticks. Changes older than 3258167295 ticks will not be detected. log.target = "bevy_ecs::system::system";
log.module_path = "bevy_ecs::system::system";
log.file = "/Users/hynding/.cargo/registry/src/index.crates.io-1949cf8c6b5b557f/bevy_ecs-0.17.3/src/system/system.rs";
log.line = 262; color: orange; background: #444 color: gray; font-style: italic color: inherit @ http://localhost:8124/out/breakneck-baseball.js:981
[14707927ms] [LOG] %cWARN%c %c System 'bevy_core_pipeline::experimental::mip_generation::prepare_view_depth_pyramids' has not run for 3258167296 ticks. Changes older than 3258167295 ticks will not be detected. log.target = "bevy_ecs::system::system";
log.module_path = "bevy_ecs::system::system";
log.file = "/Users/hynding/.cargo/registry/src/index.crates.io-1949cf8c6b5b557f/bevy_ecs-0.17.3/src/system/system.rs";
log.line = 262; color: orange; background: #444 color: gray; font-style: italic color: inherit @ http://localhost:8124/out/breakneck-baseball.js:981
[14707928ms] [LOG] %cWARN%c %c System 'bevy_core_pipeline::experimental::mip_generation::prepare_downsample_depth_view_bind_groups' has not run for 3258167296 ticks. Changes older than 3258167295 ticks will not be detected. log.target = "bevy_ecs::system::system";
log.module_path = "bevy_ecs::system::system";
log.file = "/Users/hynding/.cargo/registry/src/index.crates.io-1949cf8c6b5b557f/bevy_ecs-0.17.3/src/system/system.rs";
log.line = 262; color: orange; background: #444 color: gray; font-style: italic color: inherit @ http://localhost:8124/out/breakneck-baseball.js:981
[14707928ms] [LOG] %cWARN%c %c System 'bevy_render::batching::gpu_preprocessing::collect_buffers_for_phase<bevy_core_pipeline::core_3d::Opaque3d, bevy_pbr::render::mesh::MeshPipeline>' has not run for 3258167296 ticks. Changes older than 3258167295 ticks will not be detected. log.target = "bevy_ecs::system::system";
log.module_path = "bevy_ecs::system::system";
log.file = "/Users/hynding/.cargo/registry/src/index.crates.io-1949cf8c6b5b557f/bevy_ecs-0.17.3/src/system/system.rs";
log.line = 262; color: orange; background: #444 color: gray; font-style: italic color: inherit @ http://localhost:8124/out/breakneck-baseball.js:981
[14707928ms] [LOG] %cWARN%c %c System 'bevy_render::batching::gpu_preprocessing::collect_buffers_for_phase<bevy_core_pipeline::core_3d::AlphaMask3d, bevy_pbr::render::mesh::MeshPipeline>' has not run for 3258167296 ticks. Changes older than 3258167295 ticks will not be detected. log.target = "bevy_ecs::system::system";
log.module_path = "bevy_ecs::system::system";
log.file = "/Users/hynding/.cargo/registry/src/index.crates.io-1949cf8c6b5b557f/bevy_ecs-0.17.3/src/system/system.rs";
log.line = 262; color: orange; background: #444 color: gray; font-style: italic color: inherit @ http://localhost:8124/out/breakneck-baseball.js:981
[14707928ms] [LOG] %cWARN%c %c System 'bevy_render::batching::gpu_preprocessing::collect_buffers_for_phase<bevy_pbr::render::light::Shadow, bevy_pbr::render::mesh::MeshPipeline>' has not run for 3258167296 ticks. Changes older than 3258167295 ticks will not be detected. log.target = "bevy_ecs::system::system";
log.module_path = "bevy_ecs::system::system";
log.file = "/Users/hynding/.cargo/registry/src/index.crates.io-1949cf8c6b5b557f/bevy_ecs-0.17.3/src/system/system.rs";
log.line = 262; color: orange; background: #444 color: gray; font-style: italic color: inherit @ http://localhost:8124/out/breakneck-baseball.js:981
[14707928ms] [LOG] %cWARN%c %c System 'bevy_render::batching::gpu_preprocessing::collect_buffers_for_phase<bevy_core_pipeline::deferred::AlphaMask3dDeferred, bevy_pbr::render::mesh::MeshPipeline>' has not run for 3258167296 ticks. Changes older than 3258167295 ticks will not be detected. log.target = "bevy_ecs::system::system";
log.module_path = "bevy_ecs::system::system";
log.file = "/Users/hynding/.cargo/registry/src/index.crates.io-1949cf8c6b5b557f/bevy_ecs-0.17.3/src/system/system.rs";
log.line = 262; color: orange; background: #444 color: gray; font-style: italic color: inherit @ http://localhost:8124/out/breakneck-baseball.js:981
[14707928ms] [LOG] %cWARN%c %c System 'bevy_render::batching::gpu_preprocessing::collect_buffers_for_phase<bevy_core_pipeline::core_3d::Transmissive3d, bevy_pbr::render::mesh::MeshPipeline>' has not run for 3258167296 ticks. Changes older than 3258167295 ticks will not be detected. log.target = "bevy_ecs::system::system";
log.module_path = "bevy_ecs::system::system";
log.file = "/Users/hynding/.cargo/registry/src/index.crates.io-1949cf8c6b5b557f/bevy_ecs-0.17.3/src/system/system.rs";
log.line = 262; color: orange; background: #444 color: gray; font-style: italic color: inherit @ http://localhost:8124/out/breakneck-baseball.js:981
[14707928ms] [LOG] %cWARN%c %c System 'bevy_render::batching::gpu_preprocessing::collect_buffers_for_phase<bevy_core_pipeline::core_3d::Transparent3d, bevy_pbr::render::mesh::MeshPipeline>' has not run for 3258167296 ticks. Changes older than 3258167295 ticks will not be detected. log.target = "bevy_ecs::system::system";
log.module_path = "bevy_ecs::system::system";
log.file = "/Users/hynding/.cargo/registry/src/index.crates.io-1949cf8c6b5b557f/bevy_ecs-0.17.3/src/system/system.rs";
log.line = 262; color: orange; background: #444 color: gray; font-style: italic color: inherit @ http://localhost:8124/out/breakneck-baseball.js:981
[14707928ms] [LOG] %cWARN%c %c System 'bevy_render::batching::gpu_preprocessing::collect_buffers_for_phase<bevy_core_pipeline::prepass::Opaque3dPrepass, bevy_pbr::render::mesh::MeshPipeline>' has not run for 3258167296 ticks. Changes older than 3258167295 ticks will not be detected. log.target = "bevy_ecs::system::system";
log.module_path = "bevy_ecs::system::system";
log.file = "/Users/hynding/.cargo/registry/src/index.crates.io-1949cf8c6b5b557f/bevy_ecs-0.17.3/src/system/system.rs";
log.line = 262; color: orange; background: #444 color: gray; font-style: italic color: inherit @ http://localhost:8124/out/breakneck-baseball.js:981
[14707928ms] [LOG] %cWARN%c %c System 'bevy_render::batching::gpu_preprocessing::collect_buffers_for_phase<bevy_core_pipeline::prepass::AlphaMask3dPrepass, bevy_pbr::render::mesh::MeshPipeline>' has not run for 3258167296 ticks. Changes older than 3258167295 ticks will not be detected. log.target = "bevy_ecs::system::system";
log.module_path = "bevy_ecs::system::system";
log.file = "/Users/hynding/.cargo/registry/src/index.crates.io-1949cf8c6b5b557f/bevy_ecs-0.17.3/src/system/system.rs";
log.line = 262; color: orange; background: #444 color: gray; font-style: italic color: inherit @ http://localhost:8124/out/breakneck-baseball.js:981
[14707928ms] [LOG] %cWARN%c %c System 'bevy_render::batching::gpu_preprocessing::collect_buffers_for_phase<bevy_core_pipeline::deferred::Opaque3dDeferred, bevy_pbr::render::mesh::MeshPipeline>' has not run for 3258167296 ticks. Changes older than 3258167295 ticks will not be detected. log.target = "bevy_ecs::system::system";
log.module_path = "bevy_ecs::system::system";
log.file = "/Users/hynding/.cargo/registry/src/index.crates.io-1949cf8c6b5b557f/bevy_ecs-0.17.3/src/system/system.rs";
log.line = 262; color: orange; background: #444 color: gray; font-style: italic color: inherit @ http://localhost:8124/out/breakneck-baseball.js:981
[19568411ms] [LOG] %cWARN%c %c System 'breakneck_baseball::game::sim::director::enforce_routing' has not run for 3258167296 ticks. Changes older than 3258167295 ticks will not be detected. log.target = "bevy_ecs::system::system";
log.module_path = "bevy_ecs::system::system";
log.file = "/Users/hynding/.cargo/registry/src/index.crates.io-1949cf8c6b5b557f/bevy_ecs-0.17.3/src/system/system.rs";
log.line = 262; color: orange; background: #444 color: gray; font-style: italic color: inherit @ http://localhost:8124/out/breakneck-baseball.js:981
[19568411ms] [LOG] %cWARN%c %c System 'breakneck_baseball::game::sim::director::direct' has not run for 3258167296 ticks. Changes older than 3258167295 ticks will not be detected. log.target = "bevy_ecs::system::system";
log.module_path = "bevy_ecs::system::system";
log.file = "/Users/hynding/.cargo/registry/src/index.crates.io-1949cf8c6b5b557f/bevy_ecs-0.17.3/src/system/system.rs";
log.line = 262; color: orange; background: #444 color: gray; font-style: italic color: inherit @ http://localhost:8124/out/breakneck-baseball.js:981
[19568412ms] [LOG] %cWARN%c %c System 'bevy_winit::accessibility::update_accessibility_nodes' has not run for 3258167296 ticks. Changes older than 3258167295 ticks will not be detected. log.target = "bevy_ecs::system::system";
log.module_path = "bevy_ecs::system::system";
log.file = "/Users/hynding/.cargo/registry/src/index.crates.io-1949cf8c6b5b557f/bevy_ecs-0.17.3/src/system/system.rs";
log.line = 262; color: orange; background: #444 color: gray; font-style: italic color: inherit @ http://localhost:8124/out/breakneck-baseball.js:981
[19568412ms] [LOG] %cWARN%c %c System 'bevy_asset::assets::Assets<bevy_asset::folder::LoadedFolder>::asset_events' has not run for 3258167296 ticks. Changes older than 3258167295 ticks will not be detected. log.target = "bevy_ecs::system::system";
log.module_path = "bevy_ecs::system::system";
log.file = "/Users/hynding/.cargo/registry/src/index.crates.io-1949cf8c6b5b557f/bevy_ecs-0.17.3/src/system/system.rs";
log.line = 262; color: orange; background: #444 color: gray; font-style: italic color: inherit @ http://localhost:8124/out/breakneck-baseball.js:981
[19568412ms] [LOG] %cWARN%c %c System 'bevy_asset::assets::Assets<bevy_asset::assets::LoadedUntypedAsset>::asset_events' has not run for 3258167296 ticks. Changes older than 3258167295 ticks will not be detected. log.target = "bevy_ecs::system::system";
log.module_path = "bevy_ecs::system::system";
log.file = "/Users/hynding/.cargo/registry/src/index.crates.io-1949cf8c6b5b557f/bevy_ecs-0.17.3/src/system/system.rs";
log.line = 262; color: orange; background: #444 color: gray; font-style: italic color: inherit @ http://localhost:8124/out/breakneck-baseball.js:981
[19568412ms] [LOG] %cWARN%c %c System 'bevy_asset::assets::Assets<()>::asset_events' has not run for 3258167296 ticks. Changes older than 3258167295 ticks will not be detected. log.target = "bevy_ecs::system::system";
log.module_path = "bevy_ecs::system::system";
log.file = "/Users/hynding/.cargo/registry/src/index.crates.io-1949cf8c6b5b557f/bevy_ecs-0.17.3/src/system/system.rs";
log.line = 262; color: orange; background: #444 color: gray; font-style: italic color: inherit @ http://localhost:8124/out/breakneck-baseball.js:981
[19568412ms] [LOG] %cWARN%c %c System 'bevy_asset::assets::Assets<bevy_scene::dynamic_scene::DynamicScene>::asset_events' has not run for 3258167296 ticks. Changes older than 3258167295 ticks will not be detected. log.target = "bevy_ecs::system::system";
log.module_path = "bevy_ecs::system::system";
log.file = "/Users/hynding/.cargo/registry/src/index.crates.io-1949cf8c6b5b557f/bevy_ecs-0.17.3/src/system/system.rs";
log.line = 262; color: orange; background: #444 color: gray; font-style: italic color: inherit @ http://localhost:8124/out/breakneck-baseball.js:981
[19568412ms] [LOG] %cWARN%c %c System 'bevy_asset::assets::Assets<bevy_render::storage::ShaderStorageBuffer>::asset_events' has not run for 3258167296 ticks. Changes older than 3258167295 ticks will not be detected. log.target = "bevy_ecs::system::system";
log.module_path = "bevy_ecs::system::system";
log.file = "/Users/hynding/.cargo/registry/src/index.crates.io-1949cf8c6b5b557f/bevy_ecs-0.17.3/src/system/system.rs";
log.line = 262; color: orange; background: #444 color: gray; font-style: italic color: inherit @ http://localhost:8124/out/breakneck-baseball.js:981
[19568412ms] [LOG] %cWARN%c %c System 'bevy_asset::assets::Assets<bevy_sprite_render::tilemap_chunk::tilemap_chunk_material::TilemapChunkMaterial>::asset_events' has not run for 3258167296 ticks. Changes older than 3258167295 ticks will not be detected. log.target = "bevy_ecs::system::system";
log.module_path = "bevy_ecs::system::system";
log.file = "/Users/hynding/.cargo/registry/src/index.crates.io-1949cf8c6b5b557f/bevy_ecs-0.17.3/src/system/system.rs";
log.line = 262; color: orange; background: #444 color: gray; font-style: italic color: inherit @ http://localhost:8124/out/breakneck-baseball.js:981
[19568412ms] [LOG] %cWARN%c %c System 'bevy_asset::assets::Assets<bevy_pbr::extended_material::ExtendedMaterial<bevy_pbr::pbr_material::StandardMaterial, bevy_pbr::decal::forward::ForwardDecalMaterialExt>>::asset_events' has not run for 3258167296 ticks. Changes older than 3258167295 ticks will not be detected. log.target = "bevy_ecs::system::system";
log.module_path = "bevy_ecs::system::system";
log.file = "/Users/hynding/.cargo/registry/src/index.crates.io-1949cf8c6b5b557f/bevy_ecs-0.17.3/src/system/system.rs";
log.line = 262; color: orange; background: #444 color: gray; font-style: italic color: inherit @ http://localhost:8124/out/breakneck-baseball.js:981
[19568412ms] [LOG] %cWARN%c %c System 'bevy_asset::assets::Assets<bevy_gltf::assets::GltfPrimitive>::asset_events' has not run for 3258167296 ticks. Changes older than 3258167295 ticks will not be detected. log.target = "bevy_ecs::system::system";
log.module_path = "bevy_ecs::system::system";
log.file = "/Users/hynding/.cargo/registry/src/index.crates.io-1949cf8c6b5b557f/bevy_ecs-0.17.3/src/system/system.rs";
log.line = 262; color: orange; background: #444 color: gray; font-style: italic color: inherit @ http://localhost:8124/out/breakneck-baseball.js:981
[19568412ms] [LOG] %cWARN%c %c System 'bevy_asset::assets::Assets<bevy_audio::pitch::Pitch>::asset_events' has not run for 3258167296 ticks. Changes older than 3258167295 ticks will not be detected. log.target = "bevy_ecs::system::system";
log.module_path = "bevy_ecs::system::system";
log.file = "/Users/hynding/.cargo/registry/src/index.crates.io-1949cf8c6b5b557f/bevy_ecs-0.17.3/src/system/system.rs";
log.line = 262; color: orange; background: #444 color: gray; font-style: italic color: inherit @ http://localhost:8124/out/breakneck-baseball.js:981
[19568412ms] [LOG] %cWARN%c %c System 'bevy_asset::assets::Assets<bevy_gizmos::GizmoAsset>::asset_events' has not run for 3258167296 ticks. Changes older than 3258167295 ticks will not be detected. log.target = "bevy_ecs::system::system";
log.module_path = "bevy_ecs::system::system";
log.file = "/Users/hynding/.cargo/registry/src/index.crates.io-1949cf8c6b5b557f/bevy_ecs-0.17.3/src/system/system.rs";
log.line = 262; color: orange; background: #444 color: gray; font-style: italic color: inherit @ http://localhost:8124/out/breakneck-baseball.js:981
[19568412ms] [LOG] %cWARN%c %c System 'bevy_gizmos::light::draw_all_lights' has not run for 3258167296 ticks. Changes older than 3258167295 ticks will not be detected. log.target = "bevy_ecs::system::system";
log.module_path = "bevy_ecs::system::system";
log.file = "/Users/hynding/.cargo/registry/src/index.crates.io-1949cf8c6b5b557f/bevy_ecs-0.17.3/src/system/system.rs";
log.line = 262; color: orange; background: #444 color: gray; font-style: italic color: inherit @ http://localhost:8124/out/breakneck-baseball.js:981
[19568412ms] [LOG] %cWARN%c %c System 'bevy_gizmos::aabb::draw_all_aabbs' has not run for 3258167296 ticks. Changes older than 3258167295 ticks will not be detected. log.target = "bevy_ecs::system::system";
log.module_path = "bevy_ecs::system::system";
log.file = "/Users/hynding/.cargo/registry/src/index.crates.io-1949cf8c6b5b557f/bevy_ecs-0.17.3/src/system/system.rs";
log.line = 262; color: orange; background: #444 color: gray; font-style: italic color: inherit @ http://localhost:8124/out/breakneck-baseball.js:981
[22061470ms] [LOG] %cWARN%c %c System 'bevy_render::batching::gpu_preprocessing::batch_and_prepare_binned_render_phase<bevy_core_pipeline::deferred::AlphaMask3dDeferred, bevy_pbr::render::mesh::MeshPipeline>' has not run for 3258167296 ticks. Changes older than 3258167295 ticks will not be detected. log.target = "bevy_ecs::system::system";
log.module_path = "bevy_ecs::system::system";
log.file = "/Users/hynding/.cargo/registry/src/index.crates.io-1949cf8c6b5b557f/bevy_ecs-0.17.3/src/system/system.rs";
log.line = 262; color: orange; background: #444 color: gray; font-style: italic color: inherit @ http://localhost:8124/out/breakneck-baseball.js:981
[22061470ms] [LOG] %cWARN%c %c System 'bevy_render::batching::gpu_preprocessing::batch_and_prepare_sorted_render_phase<bevy_core_pipeline::core_3d::Transmissive3d, bevy_pbr::render::mesh::MeshPipeline>' has not run for 3258167296 ticks. Changes older than 3258167295 ticks will not be detected. log.target = "bevy_ecs::system::system";
log.module_path = "bevy_ecs::system::system";
log.file = "/Users/hynding/.cargo/registry/src/index.crates.io-1949cf8c6b5b557f/bevy_ecs-0.17.3/src/system/system.rs";
log.line = 262; color: orange; background: #444 color: gray; font-style: italic color: inherit @ http://localhost:8124/out/breakneck-baseball.js:981
[22061470ms] [LOG] %cWARN%c %c System 'bevy_render::batching::gpu_preprocessing::batch_and_prepare_sorted_render_phase<bevy_core_pipeline::core_3d::Transparent3d, bevy_pbr::render::mesh::MeshPipeline>' has not run for 3258167296 ticks. Changes older than 3258167295 ticks will not be detected. log.target = "bevy_ecs::system::system";
log.module_path = "bevy_ecs::system::system";
log.file = "/Users/hynding/.cargo/registry/src/index.crates.io-1949cf8c6b5b557f/bevy_ecs-0.17.3/src/system/system.rs";
log.line = 262; color: orange; background: #444 color: gray; font-style: italic color: inherit @ http://localhost:8124/out/breakneck-baseball.js:981
[22061470ms] [LOG] %cWARN%c %c System 'bevy_render::batching::gpu_preprocessing::batch_and_prepare_binned_render_phase<bevy_core_pipeline::prepass::Opaque3dPrepass, bevy_pbr::render::mesh::MeshPipeline>' has not run for 3258167296 ticks. Changes older than 3258167295 ticks will not be detected. log.target = "bevy_ecs::system::system";
log.module_path = "bevy_ecs::system::system";
log.file = "/Users/hynding/.cargo/registry/src/index.crates.io-1949cf8c6b5b557f/bevy_ecs-0.17.3/src/system/system.rs";
log.line = 262; color: orange; background: #444 color: gray; font-style: italic color: inherit @ http://localhost:8124/out/breakneck-baseball.js:981
[22061470ms] [LOG] %cWARN%c %c System 'bevy_render::batching::gpu_preprocessing::batch_and_prepare_binned_render_phase<bevy_core_pipeline::prepass::AlphaMask3dPrepass, bevy_pbr::render::mesh::MeshPipeline>' has not run for 3258167296 ticks. Changes older than 3258167295 ticks will not be detected. log.target = "bevy_ecs::system::system";
log.module_path = "bevy_ecs::system::system";
log.file = "/Users/hynding/.cargo/registry/src/index.crates.io-1949cf8c6b5b557f/bevy_ecs-0.17.3/src/system/system.rs";
log.line = 262; color: orange; background: #444 color: gray; font-style: italic color: inherit @ http://localhost:8124/out/breakneck-baseball.js:981
[22061470ms] [LOG] %cWARN%c %c System 'bevy_render::batching::gpu_preprocessing::batch_and_prepare_binned_render_phase<bevy_core_pipeline::deferred::Opaque3dDeferred, bevy_pbr::render::mesh::MeshPipeline>' has not run for 3258167296 ticks. Changes older than 3258167295 ticks will not be detected. log.target = "bevy_ecs::system::system";
log.module_path = "bevy_ecs::system::system";
log.file = "/Users/hynding/.cargo/registry/src/index.crates.io-1949cf8c6b5b557f/bevy_ecs-0.17.3/src/system/system.rs";
log.line = 262; color: orange; background: #444 color: gray; font-style: italic color: inherit @ http://localhost:8124/out/breakneck-baseball.js:981
[22061470ms] [LOG] %cWARN%c %c System 'bevy_render::batching::gpu_preprocessing::batch_and_prepare_binned_render_phase<bevy_pbr::render::light::Shadow, bevy_pbr::render::mesh::MeshPipeline>' has not run for 3258167296 ticks. Changes older than 3258167295 ticks will not be detected. log.target = "bevy_ecs::system::system";
log.module_path = "bevy_ecs::system::system";
log.file = "/Users/hynding/.cargo/registry/src/index.crates.io-1949cf8c6b5b557f/bevy_ecs-0.17.3/src/system/system.rs";
log.line = 262; color: orange; background: #444 color: gray; font-style: italic color: inherit @ http://localhost:8124/out/breakneck-baseball.js:981
[22061470ms] [LOG] %cWARN%c %c System 'bevy_render::batching::gpu_preprocessing::batch_and_prepare_binned_render_phase<bevy_core_pipeline::core_3d::AlphaMask3d, bevy_pbr::render::mesh::MeshPipeline>' has not run for 3258167296 ticks. Changes older than 3258167295 ticks will not be detected. log.target = "bevy_ecs::system::system";
log.module_path = "bevy_ecs::system::system";
log.file = "/Users/hynding/.cargo/registry/src/index.crates.io-1949cf8c6b5b557f/bevy_ecs-0.17.3/src/system/system.rs";
log.line = 262; color: orange; background: #444 color: gray; font-style: italic color: inherit @ http://localhost:8124/out/breakneck-baseball.js:981
[22061470ms] [LOG] %cWARN%c %c System 'bevy_render::batching::gpu_preprocessing::batch_and_prepare_binned_render_phase<bevy_core_pipeline::core_3d::Opaque3d, bevy_pbr::render::mesh::MeshPipeline>' has not run for 3258167296 ticks. Changes older than 3258167295 ticks will not be detected. log.target = "bevy_ecs::system::system";
log.module_path = "bevy_ecs::system::system";
log.file = "/Users/hynding/.cargo/registry/src/index.crates.io-1949cf8c6b5b557f/bevy_ecs-0.17.3/src/system/system.rs";
log.line = 262; color: orange; background: #444 color: gray; font-style: italic color: inherit @ http://localhost:8124/out/breakneck-baseball.js:981
[22061470ms] [LOG] %cWARN%c %c System 'bevy_core_pipeline::experimental::mip_generation::prepare_view_depth_pyramids' has not run for 3258167296 ticks. Changes older than 3258167295 ticks will not be detected. log.target = "bevy_ecs::system::system";
log.module_path = "bevy_ecs::system::system";
log.file = "/Users/hynding/.cargo/registry/src/index.crates.io-1949cf8c6b5b557f/bevy_ecs-0.17.3/src/system/system.rs";
log.line = 262; color: orange; background: #444 color: gray; font-style: italic color: inherit @ http://localhost:8124/out/breakneck-baseball.js:981
[22061470ms] [LOG] %cWARN%c %c System 'bevy_core_pipeline::experimental::mip_generation::prepare_downsample_depth_view_bind_groups' has not run for 3258167296 ticks. Changes older than 3258167295 ticks will not be detected. log.target = "bevy_ecs::system::system";
log.module_path = "bevy_ecs::system::system";
log.file = "/Users/hynding/.cargo/registry/src/index.crates.io-1949cf8c6b5b557f/bevy_ecs-0.17.3/src/system/system.rs";
log.line = 262; color: orange; background: #444 color: gray; font-style: italic color: inherit @ http://localhost:8124/out/breakneck-baseball.js:981
[22061470ms] [LOG] %cWARN%c %c System 'bevy_render::batching::gpu_preprocessing::collect_buffers_for_phase<bevy_core_pipeline::core_3d::Opaque3d, bevy_pbr::render::mesh::MeshPipeline>' has not run for 3258167296 ticks. Changes older than 3258167295 ticks will not be detected. log.target = "bevy_ecs::system::system";
log.module_path = "bevy_ecs::system::system";
log.file = "/Users/hynding/.cargo/registry/src/index.crates.io-1949cf8c6b5b557f/bevy_ecs-0.17.3/src/system/system.rs";
log.line = 262; color: orange; background: #444 color: gray; font-style: italic color: inherit @ http://localhost:8124/out/breakneck-baseball.js:981
[22061470ms] [LOG] %cWARN%c %c System 'bevy_render::batching::gpu_preprocessing::collect_buffers_for_phase<bevy_core_pipeline::core_3d::AlphaMask3d, bevy_pbr::render::mesh::MeshPipeline>' has not run for 3258167296 ticks. Changes older than 3258167295 ticks will not be detected. log.target = "bevy_ecs::system::system";
log.module_path = "bevy_ecs::system::system";
log.file = "/Users/hynding/.cargo/registry/src/index.crates.io-1949cf8c6b5b557f/bevy_ecs-0.17.3/src/system/system.rs";
log.line = 262; color: orange; background: #444 color: gray; font-style: italic color: inherit @ http://localhost:8124/out/breakneck-baseball.js:981
[22061470ms] [LOG] %cWARN%c %c System 'bevy_render::batching::gpu_preprocessing::collect_buffers_for_phase<bevy_pbr::render::light::Shadow, bevy_pbr::render::mesh::MeshPipeline>' has not run for 3258167296 ticks. Changes older than 3258167295 ticks will not be detected. log.target = "bevy_ecs::system::system";
log.module_path = "bevy_ecs::system::system";
log.file = "/Users/hynding/.cargo/registry/src/index.crates.io-1949cf8c6b5b557f/bevy_ecs-0.17.3/src/system/system.rs";
log.line = 262; color: orange; background: #444 color: gray; font-style: italic color: inherit @ http://localhost:8124/out/breakneck-baseball.js:981
[22061470ms] [LOG] %cWARN%c %c System 'bevy_render::batching::gpu_preprocessing::collect_buffers_for_phase<bevy_core_pipeline::deferred::AlphaMask3dDeferred, bevy_pbr::render::mesh::MeshPipeline>' has not run for 3258167296 ticks. Changes older than 3258167295 ticks will not be detected. log.target = "bevy_ecs::system::system";
log.module_path = "bevy_ecs::system::system";
log.file = "/Users/hynding/.cargo/registry/src/index.crates.io-1949cf8c6b5b557f/bevy_ecs-0.17.3/src/system/system.rs";
log.line = 262; color: orange; background: #444 color: gray; font-style: italic color: inherit @ http://localhost:8124/out/breakneck-baseball.js:981
[22061470ms] [LOG] %cWARN%c %c System 'bevy_render::batching::gpu_preprocessing::collect_buffers_for_phase<bevy_core_pipeline::core_3d::Transmissive3d, bevy_pbr::render::mesh::MeshPipeline>' has not run for 3258167296 ticks. Changes older than 3258167295 ticks will not be detected. log.target = "bevy_ecs::system::system";
log.module_path = "bevy_ecs::system::system";
log.file = "/Users/hynding/.cargo/registry/src/index.crates.io-1949cf8c6b5b557f/bevy_ecs-0.17.3/src/system/system.rs";
log.line = 262; color: orange; background: #444 color: gray; font-style: italic color: inherit @ http://localhost:8124/out/breakneck-baseball.js:981
[22061471ms] [LOG] %cWARN%c %c System 'bevy_render::batching::gpu_preprocessing::collect_buffers_for_phase<bevy_core_pipeline::core_3d::Transparent3d, bevy_pbr::render::mesh::MeshPipeline>' has not run for 3258167296 ticks. Changes older than 3258167295 ticks will not be detected. log.target = "bevy_ecs::system::system";
log.module_path = "bevy_ecs::system::system";
log.file = "/Users/hynding/.cargo/registry/src/index.crates.io-1949cf8c6b5b557f/bevy_ecs-0.17.3/src/system/system.rs";
log.line = 262; color: orange; background: #444 color: gray; font-style: italic color: inherit @ http://localhost:8124/out/breakneck-baseball.js:981
[22061471ms] [LOG] %cWARN%c %c System 'bevy_render::batching::gpu_preprocessing::collect_buffers_for_phase<bevy_core_pipeline::prepass::Opaque3dPrepass, bevy_pbr::render::mesh::MeshPipeline>' has not run for 3258167296 ticks. Changes older than 3258167295 ticks will not be detected. log.target = "bevy_ecs::system::system";
log.module_path = "bevy_ecs::system::system";
log.file = "/Users/hynding/.cargo/registry/src/index.crates.io-1949cf8c6b5b557f/bevy_ecs-0.17.3/src/system/system.rs";
log.line = 262; color: orange; background: #444 color: gray; font-style: italic color: inherit @ http://localhost:8124/out/breakneck-baseball.js:981
[22061471ms] [LOG] %cWARN%c %c System 'bevy_render::batching::gpu_preprocessing::collect_buffers_for_phase<bevy_core_pipeline::prepass::AlphaMask3dPrepass, bevy_pbr::render::mesh::MeshPipeline>' has not run for 3258167296 ticks. Changes older than 3258167295 ticks will not be detected. log.target = "bevy_ecs::system::system";
log.module_path = "bevy_ecs::system::system";
log.file = "/Users/hynding/.cargo/registry/src/index.crates.io-1949cf8c6b5b557f/bevy_ecs-0.17.3/src/system/system.rs";
log.line = 262; color: orange; background: #444 color: gray; font-style: italic color: inherit @ http://localhost:8124/out/breakneck-baseball.js:981
[22061471ms] [LOG] %cWARN%c %c System 'bevy_render::batching::gpu_preprocessing::collect_buffers_for_phase<bevy_core_pipeline::deferred::Opaque3dDeferred, bevy_pbr::render::mesh::MeshPipeline>' has not run for 3258167296 ticks. Changes older than 3258167295 ticks will not be detected. log.target = "bevy_ecs::system::system";
log.module_path = "bevy_ecs::system::system";
log.file = "/Users/hynding/.cargo/registry/src/index.crates.io-1949cf8c6b5b557f/bevy_ecs-0.17.3/src/system/system.rs";
log.line = 262; color: orange; background: #444 color: gray; font-style: italic color: inherit @ http://localhost:8124/out/breakneck-baseball.js:981
[29353567ms] [LOG] %cWARN%c %c System 'breakneck_baseball::game::sim::director::enforce_routing' has not run for 3258167296 ticks. Changes older than 3258167295 ticks will not be detected. log.target = "bevy_ecs::system::system";
log.module_path = "bevy_ecs::system::system";
log.file = "/Users/hynding/.cargo/registry/src/index.crates.io-1949cf8c6b5b557f/bevy_ecs-0.17.3/src/system/system.rs";
log.line = 262; color: orange; background: #444 color: gray; font-style: italic color: inherit @ http://localhost:8124/out/breakneck-baseball.js:981
[29353567ms] [LOG] %cWARN%c %c System 'breakneck_baseball::game::sim::director::direct' has not run for 3258167296 ticks. Changes older than 3258167295 ticks will not be detected. log.target = "bevy_ecs::system::system";
log.module_path = "bevy_ecs::system::system";
log.file = "/Users/hynding/.cargo/registry/src/index.crates.io-1949cf8c6b5b557f/bevy_ecs-0.17.3/src/system/system.rs";
log.line = 262; color: orange; background: #444 color: gray; font-style: italic color: inherit @ http://localhost:8124/out/breakneck-baseball.js:981
[29353567ms] [LOG] %cWARN%c %c System 'bevy_winit::accessibility::update_accessibility_nodes' has not run for 3258167296 ticks. Changes older than 3258167295 ticks will not be detected. log.target = "bevy_ecs::system::system";
log.module_path = "bevy_ecs::system::system";
log.file = "/Users/hynding/.cargo/registry/src/index.crates.io-1949cf8c6b5b557f/bevy_ecs-0.17.3/src/system/system.rs";
log.line = 262; color: orange; background: #444 color: gray; font-style: italic color: inherit @ http://localhost:8124/out/breakneck-baseball.js:981
[29353567ms] [LOG] %cWARN%c %c System 'bevy_asset::assets::Assets<bevy_asset::folder::LoadedFolder>::asset_events' has not run for 3258167296 ticks. Changes older than 3258167295 ticks will not be detected. log.target = "bevy_ecs::system::system";
log.module_path = "bevy_ecs::system::system";
log.file = "/Users/hynding/.cargo/registry/src/index.crates.io-1949cf8c6b5b557f/bevy_ecs-0.17.3/src/system/system.rs";
log.line = 262; color: orange; background: #444 color: gray; font-style: italic color: inherit @ http://localhost:8124/out/breakneck-baseball.js:981
[29353568ms] [LOG] %cWARN%c %c System 'bevy_asset::assets::Assets<bevy_asset::assets::LoadedUntypedAsset>::asset_events' has not run for 3258167296 ticks. Changes older than 3258167295 ticks will not be detected. log.target = "bevy_ecs::system::system";
log.module_path = "bevy_ecs::system::system";
log.file = "/Users/hynding/.cargo/registry/src/index.crates.io-1949cf8c6b5b557f/bevy_ecs-0.17.3/src/system/system.rs";
log.line = 262; color: orange; background: #444 color: gray; font-style: italic color: inherit @ http://localhost:8124/out/breakneck-baseball.js:981
[29353568ms] [LOG] %cWARN%c %c System 'bevy_asset::assets::Assets<()>::asset_events' has not run for 3258167296 ticks. Changes older than 3258167295 ticks will not be detected. log.target = "bevy_ecs::system::system";
log.module_path = "bevy_ecs::system::system";
log.file = "/Users/hynding/.cargo/registry/src/index.crates.io-1949cf8c6b5b557f/bevy_ecs-0.17.3/src/system/system.rs";
log.line = 262; color: orange; background: #444 color: gray; font-style: italic color: inherit @ http://localhost:8124/out/breakneck-baseball.js:981
[29353568ms] [LOG] %cWARN%c %c System 'bevy_asset::assets::Assets<bevy_scene::dynamic_scene::DynamicScene>::asset_events' has not run for 3258167296 ticks. Changes older than 3258167295 ticks will not be detected. log.target = "bevy_ecs::system::system";
log.module_path = "bevy_ecs::system::system";
log.file = "/Users/hynding/.cargo/registry/src/index.crates.io-1949cf8c6b5b557f/bevy_ecs-0.17.3/src/system/system.rs";
log.line = 262; color: orange; background: #444 color: gray; font-style: italic color: inherit @ http://localhost:8124/out/breakneck-baseball.js:981
[29353568ms] [LOG] %cWARN%c %c System 'bevy_asset::assets::Assets<bevy_render::storage::ShaderStorageBuffer>::asset_events' has not run for 3258167296 ticks. Changes older than 3258167295 ticks will not be detected. log.target = "bevy_ecs::system::system";
log.module_path = "bevy_ecs::system::system";
log.file = "/Users/hynding/.cargo/registry/src/index.crates.io-1949cf8c6b5b557f/bevy_ecs-0.17.3/src/system/system.rs";
log.line = 262; color: orange; background: #444 color: gray; font-style: italic color: inherit @ http://localhost:8124/out/breakneck-baseball.js:981
[29353568ms] [LOG] %cWARN%c %c System 'bevy_asset::assets::Assets<bevy_sprite_render::tilemap_chunk::tilemap_chunk_material::TilemapChunkMaterial>::asset_events' has not run for 3258167296 ticks. Changes older than 3258167295 ticks will not be detected. log.target = "bevy_ecs::system::system";
log.module_path = "bevy_ecs::system::system";
log.file = "/Users/hynding/.cargo/registry/src/index.crates.io-1949cf8c6b5b557f/bevy_ecs-0.17.3/src/system/system.rs";
log.line = 262; color: orange; background: #444 color: gray; font-style: italic color: inherit @ http://localhost:8124/out/breakneck-baseball.js:981
[29353568ms] [LOG] %cWARN%c %c System 'bevy_asset::assets::Assets<bevy_pbr::extended_material::ExtendedMaterial<bevy_pbr::pbr_material::StandardMaterial, bevy_pbr::decal::forward::ForwardDecalMaterialExt>>::asset_events' has not run for 3258167296 ticks. Changes older than 3258167295 ticks will not be detected. log.target = "bevy_ecs::system::system";
log.module_path = "bevy_ecs::system::system";
log.file = "/Users/hynding/.cargo/registry/src/index.crates.io-1949cf8c6b5b557f/bevy_ecs-0.17.3/src/system/system.rs";
log.line = 262; color: orange; background: #444 color: gray; font-style: italic color: inherit @ http://localhost:8124/out/breakneck-baseball.js:981
[29353568ms] [LOG] %cWARN%c %c System 'bevy_asset::assets::Assets<bevy_gltf::assets::GltfPrimitive>::asset_events' has not run for 3258167296 ticks. Changes older than 3258167295 ticks will not be detected. log.target = "bevy_ecs::system::system";
log.module_path = "bevy_ecs::system::system";
log.file = "/Users/hynding/.cargo/registry/src/index.crates.io-1949cf8c6b5b557f/bevy_ecs-0.17.3/src/system/system.rs";
log.line = 262; color: orange; background: #444 color: gray; font-style: italic color: inherit @ http://localhost:8124/out/breakneck-baseball.js:981
[29353568ms] [LOG] %cWARN%c %c System 'bevy_asset::assets::Assets<bevy_audio::pitch::Pitch>::asset_events' has not run for 3258167296 ticks. Changes older than 3258167295 ticks will not be detected. log.target = "bevy_ecs::system::system";
log.module_path = "bevy_ecs::system::system";
log.file = "/Users/hynding/.cargo/registry/src/index.crates.io-1949cf8c6b5b557f/bevy_ecs-0.17.3/src/system/system.rs";
log.line = 262; color: orange; background: #444 color: gray; font-style: italic color: inherit @ http://localhost:8124/out/breakneck-baseball.js:981
[29353568ms] [LOG] %cWARN%c %c System 'bevy_asset::assets::Assets<bevy_gizmos::GizmoAsset>::asset_events' has not run for 3258167296 ticks. Changes older than 3258167295 ticks will not be detected. log.target = "bevy_ecs::system::system";
log.module_path = "bevy_ecs::system::system";
log.file = "/Users/hynding/.cargo/registry/src/index.crates.io-1949cf8c6b5b557f/bevy_ecs-0.17.3/src/system/system.rs";
log.line = 262; color: orange; background: #444 color: gray; font-style: italic color: inherit @ http://localhost:8124/out/breakneck-baseball.js:981
[29353568ms] [LOG] %cWARN%c %c System 'bevy_gizmos::light::draw_all_lights' has not run for 3258167296 ticks. Changes older than 3258167295 ticks will not be detected. log.target = "bevy_ecs::system::system";
log.module_path = "bevy_ecs::system::system";
log.file = "/Users/hynding/.cargo/registry/src/index.crates.io-1949cf8c6b5b557f/bevy_ecs-0.17.3/src/system/system.rs";
log.line = 262; color: orange; background: #444 color: gray; font-style: italic color: inherit @ http://localhost:8124/out/breakneck-baseball.js:981
[29353568ms] [LOG] %cWARN%c %c System 'bevy_gizmos::aabb::draw_all_aabbs' has not run for 3258167296 ticks. Changes older than 3258167295 ticks will not be detected. log.target = "bevy_ecs::system::system";
log.module_path = "bevy_ecs::system::system";
log.file = "/Users/hynding/.cargo/registry/src/index.crates.io-1949cf8c6b5b557f/bevy_ecs-0.17.3/src/system/system.rs";
log.line = 262; color: orange; background: #444 color: gray; font-style: italic color: inherit @ http://localhost:8124/out/breakneck-baseball.js:981
[29413534ms] [LOG] %cWARN%c %c System 'bevy_render::batching::gpu_preprocessing::batch_and_prepare_binned_render_phase<bevy_core_pipeline::deferred::AlphaMask3dDeferred, bevy_pbr::render::mesh::MeshPipeline>' has not run for 3258167296 ticks. Changes older than 3258167295 ticks will not be detected. log.target = "bevy_ecs::system::system";
log.module_path = "bevy_ecs::system::system";
log.file = "/Users/hynding/.cargo/registry/src/index.crates.io-1949cf8c6b5b557f/bevy_ecs-0.17.3/src/system/system.rs";
log.line = 262; color: orange; background: #444 color: gray; font-style: italic color: inherit @ http://localhost:8124/out/breakneck-baseball.js:981
[29413534ms] [LOG] %cWARN%c %c System 'bevy_render::batching::gpu_preprocessing::batch_and_prepare_sorted_render_phase<bevy_core_pipeline::core_3d::Transmissive3d, bevy_pbr::render::mesh::MeshPipeline>' has not run for 3258167296 ticks. Changes older than 3258167295 ticks will not be detected. log.target = "bevy_ecs::system::system";
log.module_path = "bevy_ecs::system::system";
log.file = "/Users/hynding/.cargo/registry/src/index.crates.io-1949cf8c6b5b557f/bevy_ecs-0.17.3/src/system/system.rs";
log.line = 262; color: orange; background: #444 color: gray; font-style: italic color: inherit @ http://localhost:8124/out/breakneck-baseball.js:981
[29413534ms] [LOG] %cWARN%c %c System 'bevy_render::batching::gpu_preprocessing::batch_and_prepare_sorted_render_phase<bevy_core_pipeline::core_3d::Transparent3d, bevy_pbr::render::mesh::MeshPipeline>' has not run for 3258167296 ticks. Changes older than 3258167295 ticks will not be detected. log.target = "bevy_ecs::system::system";
log.module_path = "bevy_ecs::system::system";
log.file = "/Users/hynding/.cargo/registry/src/index.crates.io-1949cf8c6b5b557f/bevy_ecs-0.17.3/src/system/system.rs";
log.line = 262; color: orange; background: #444 color: gray; font-style: italic color: inherit @ http://localhost:8124/out/breakneck-baseball.js:981
[29413534ms] [LOG] %cWARN%c %c System 'bevy_render::batching::gpu_preprocessing::batch_and_prepare_binned_render_phase<bevy_core_pipeline::prepass::Opaque3dPrepass, bevy_pbr::render::mesh::MeshPipeline>' has not run for 3258167296 ticks. Changes older than 3258167295 ticks will not be detected. log.target = "bevy_ecs::system::system";
log.module_path = "bevy_ecs::system::system";
log.file = "/Users/hynding/.cargo/registry/src/index.crates.io-1949cf8c6b5b557f/bevy_ecs-0.17.3/src/system/system.rs";
log.line = 262; color: orange; background: #444 color: gray; font-style: italic color: inherit @ http://localhost:8124/out/breakneck-baseball.js:981
[29413534ms] [LOG] %cWARN%c %c System 'bevy_render::batching::gpu_preprocessing::batch_and_prepare_binned_render_phase<bevy_core_pipeline::prepass::AlphaMask3dPrepass, bevy_pbr::render::mesh::MeshPipeline>' has not run for 3258167296 ticks. Changes older than 3258167295 ticks will not be detected. log.target = "bevy_ecs::system::system";
log.module_path = "bevy_ecs::system::system";
log.file = "/Users/hynding/.cargo/registry/src/index.crates.io-1949cf8c6b5b557f/bevy_ecs-0.17.3/src/system/system.rs";
log.line = 262; color: orange; background: #444 color: gray; font-style: italic color: inherit @ http://localhost:8124/out/breakneck-baseball.js:981
[29413534ms] [LOG] %cWARN%c %c System 'bevy_render::batching::gpu_preprocessing::batch_and_prepare_binned_render_phase<bevy_core_pipeline::deferred::Opaque3dDeferred, bevy_pbr::render::mesh::MeshPipeline>' has not run for 3258167296 ticks. Changes older than 3258167295 ticks will not be detected. log.target = "bevy_ecs::system::system";
log.module_path = "bevy_ecs::system::system";
log.file = "/Users/hynding/.cargo/registry/src/index.crates.io-1949cf8c6b5b557f/bevy_ecs-0.17.3/src/system/system.rs";
log.line = 262; color: orange; background: #444 color: gray; font-style: italic color: inherit @ http://localhost:8124/out/breakneck-baseball.js:981
[29413534ms] [LOG] %cWARN%c %c System 'bevy_render::batching::gpu_preprocessing::batch_and_prepare_binned_render_phase<bevy_pbr::render::light::Shadow, bevy_pbr::render::mesh::MeshPipeline>' has not run for 3258167296 ticks. Changes older than 3258167295 ticks will not be detected. log.target = "bevy_ecs::system::system";
log.module_path = "bevy_ecs::system::system";
log.file = "/Users/hynding/.cargo/registry/src/index.crates.io-1949cf8c6b5b557f/bevy_ecs-0.17.3/src/system/system.rs";
log.line = 262; color: orange; background: #444 color: gray; font-style: italic color: inherit @ http://localhost:8124/out/breakneck-baseball.js:981
[29413534ms] [LOG] %cWARN%c %c System 'bevy_render::batching::gpu_preprocessing::batch_and_prepare_binned_render_phase<bevy_core_pipeline::core_3d::AlphaMask3d, bevy_pbr::render::mesh::MeshPipeline>' has not run for 3258167296 ticks. Changes older than 3258167295 ticks will not be detected. log.target = "bevy_ecs::system::system";
log.module_path = "bevy_ecs::system::system";
log.file = "/Users/hynding/.cargo/registry/src/index.crates.io-1949cf8c6b5b557f/bevy_ecs-0.17.3/src/system/system.rs";
log.line = 262; color: orange; background: #444 color: gray; font-style: italic color: inherit @ http://localhost:8124/out/breakneck-baseball.js:981
[29413534ms] [LOG] %cWARN%c %c System 'bevy_render::batching::gpu_preprocessing::batch_and_prepare_binned_render_phase<bevy_core_pipeline::core_3d::Opaque3d, bevy_pbr::render::mesh::MeshPipeline>' has not run for 3258167296 ticks. Changes older than 3258167295 ticks will not be detected. log.target = "bevy_ecs::system::system";
log.module_path = "bevy_ecs::system::system";
log.file = "/Users/hynding/.cargo/registry/src/index.crates.io-1949cf8c6b5b557f/bevy_ecs-0.17.3/src/system/system.rs";
log.line = 262; color: orange; background: #444 color: gray; font-style: italic color: inherit @ http://localhost:8124/out/breakneck-baseball.js:981
[29413535ms] [LOG] %cWARN%c %c System 'bevy_core_pipeline::experimental::mip_generation::prepare_view_depth_pyramids' has not run for 3258167296 ticks. Changes older than 3258167295 ticks will not be detected. log.target = "bevy_ecs::system::system";
log.module_path = "bevy_ecs::system::system";
log.file = "/Users/hynding/.cargo/registry/src/index.crates.io-1949cf8c6b5b557f/bevy_ecs-0.17.3/src/system/system.rs";
log.line = 262; color: orange; background: #444 color: gray; font-style: italic color: inherit @ http://localhost:8124/out/breakneck-baseball.js:981
[29413535ms] [LOG] %cWARN%c %c System 'bevy_core_pipeline::experimental::mip_generation::prepare_downsample_depth_view_bind_groups' has not run for 3258167296 ticks. Changes older than 3258167295 ticks will not be detected. log.target = "bevy_ecs::system::system";
log.module_path = "bevy_ecs::system::system";
log.file = "/Users/hynding/.cargo/registry/src/index.crates.io-1949cf8c6b5b557f/bevy_ecs-0.17.3/src/system/system.rs";
log.line = 262; color: orange; background: #444 color: gray; font-style: italic color: inherit @ http://localhost:8124/out/breakneck-baseball.js:981
[29413535ms] [LOG] %cWARN%c %c System 'bevy_render::batching::gpu_preprocessing::collect_buffers_for_phase<bevy_core_pipeline::core_3d::Opaque3d, bevy_pbr::render::mesh::MeshPipeline>' has not run for 3258167296 ticks. Changes older than 3258167295 ticks will not be detected. log.target = "bevy_ecs::system::system";
log.module_path = "bevy_ecs::system::system";
log.file = "/Users/hynding/.cargo/registry/src/index.crates.io-1949cf8c6b5b557f/bevy_ecs-0.17.3/src/system/system.rs";
log.line = 262; color: orange; background: #444 color: gray; font-style: italic color: inherit @ http://localhost:8124/out/breakneck-baseball.js:981
[29413535ms] [LOG] %cWARN%c %c System 'bevy_render::batching::gpu_preprocessing::collect_buffers_for_phase<bevy_core_pipeline::core_3d::AlphaMask3d, bevy_pbr::render::mesh::MeshPipeline>' has not run for 3258167296 ticks. Changes older than 3258167295 ticks will not be detected. log.target = "bevy_ecs::system::system";
log.module_path = "bevy_ecs::system::system";
log.file = "/Users/hynding/.cargo/registry/src/index.crates.io-1949cf8c6b5b557f/bevy_ecs-0.17.3/src/system/system.rs";
log.line = 262; color: orange; background: #444 color: gray; font-style: italic color: inherit @ http://localhost:8124/out/breakneck-baseball.js:981
[29413535ms] [LOG] %cWARN%c %c System 'bevy_render::batching::gpu_preprocessing::collect_buffers_for_phase<bevy_pbr::render::light::Shadow, bevy_pbr::render::mesh::MeshPipeline>' has not run for 3258167296 ticks. Changes older than 3258167295 ticks will not be detected. log.target = "bevy_ecs::system::system";
log.module_path = "bevy_ecs::system::system";
log.file = "/Users/hynding/.cargo/registry/src/index.crates.io-1949cf8c6b5b557f/bevy_ecs-0.17.3/src/system/system.rs";
log.line = 262; color: orange; background: #444 color: gray; font-style: italic color: inherit @ http://localhost:8124/out/breakneck-baseball.js:981
[29413535ms] [LOG] %cWARN%c %c System 'bevy_render::batching::gpu_preprocessing::collect_buffers_for_phase<bevy_core_pipeline::deferred::AlphaMask3dDeferred, bevy_pbr::render::mesh::MeshPipeline>' has not run for 3258167296 ticks. Changes older than 3258167295 ticks will not be detected. log.target = "bevy_ecs::system::system";
log.module_path = "bevy_ecs::system::system";
log.file = "/Users/hynding/.cargo/registry/src/index.crates.io-1949cf8c6b5b557f/bevy_ecs-0.17.3/src/system/system.rs";
log.line = 262; color: orange; background: #444 color: gray; font-style: italic color: inherit @ http://localhost:8124/out/breakneck-baseball.js:981
[29413535ms] [LOG] %cWARN%c %c System 'bevy_render::batching::gpu_preprocessing::collect_buffers_for_phase<bevy_core_pipeline::core_3d::Transmissive3d, bevy_pbr::render::mesh::MeshPipeline>' has not run for 3258167296 ticks. Changes older than 3258167295 ticks will not be detected. log.target = "bevy_ecs::system::system";
log.module_path = "bevy_ecs::system::system";
log.file = "/Users/hynding/.cargo/registry/src/index.crates.io-1949cf8c6b5b557f/bevy_ecs-0.17.3/src/system/system.rs";
log.line = 262; color: orange; background: #444 color: gray; font-style: italic color: inherit @ http://localhost:8124/out/breakneck-baseball.js:981
[29413535ms] [LOG] %cWARN%c %c System 'bevy_render::batching::gpu_preprocessing::collect_buffers_for_phase<bevy_core_pipeline::core_3d::Transparent3d, bevy_pbr::render::mesh::MeshPipeline>' has not run for 3258167296 ticks. Changes older than 3258167295 ticks will not be detected. log.target = "bevy_ecs::system::system";
log.module_path = "bevy_ecs::system::system";
log.file = "/Users/hynding/.cargo/registry/src/index.crates.io-1949cf8c6b5b557f/bevy_ecs-0.17.3/src/system/system.rs";
log.line = 262; color: orange; background: #444 color: gray; font-style: italic color: inherit @ http://localhost:8124/out/breakneck-baseball.js:981
[29413535ms] [LOG] %cWARN%c %c System 'bevy_render::batching::gpu_preprocessing::collect_buffers_for_phase<bevy_core_pipeline::prepass::Opaque3dPrepass, bevy_pbr::render::mesh::MeshPipeline>' has not run for 3258167296 ticks. Changes older than 3258167295 ticks will not be detected. log.target = "bevy_ecs::system::system";
log.module_path = "bevy_ecs::system::system";
log.file = "/Users/hynding/.cargo/registry/src/index.crates.io-1949cf8c6b5b557f/bevy_ecs-0.17.3/src/system/system.rs";
log.line = 262; color: orange; background: #444 color: gray; font-style: italic color: inherit @ http://localhost:8124/out/breakneck-baseball.js:981
[29413535ms] [LOG] %cWARN%c %c System 'bevy_render::batching::gpu_preprocessing::collect_buffers_for_phase<bevy_core_pipeline::prepass::AlphaMask3dPrepass, bevy_pbr::render::mesh::MeshPipeline>' has not run for 3258167296 ticks. Changes older than 3258167295 ticks will not be detected. log.target = "bevy_ecs::system::system";
log.module_path = "bevy_ecs::system::system";
log.file = "/Users/hynding/.cargo/registry/src/index.crates.io-1949cf8c6b5b557f/bevy_ecs-0.17.3/src/system/system.rs";
log.line = 262; color: orange; background: #444 color: gray; font-style: italic color: inherit @ http://localhost:8124/out/breakneck-baseball.js:981
[29413535ms] [LOG] %cWARN%c %c System 'bevy_render::batching::gpu_preprocessing::collect_buffers_for_phase<bevy_core_pipeline::deferred::Opaque3dDeferred, bevy_pbr::render::mesh::MeshPipeline>' has not run for 3258167296 ticks. Changes older than 3258167295 ticks will not be detected. log.target = "bevy_ecs::system::system";
log.module_path = "bevy_ecs::system::system";
log.file = "/Users/hynding/.cargo/registry/src/index.crates.io-1949cf8c6b5b557f/bevy_ecs-0.17.3/src/system/system.rs";
log.line = 262; color: orange; background: #444 color: gray; font-style: italic color: inherit @ http://localhost:8124/out/breakneck-baseball.js:981
[180178092ms] [LOG] %cWARN%c %c System 'bevy_render::batching::gpu_preprocessing::batch_and_prepare_binned_render_phase<bevy_core_pipeline::deferred::AlphaMask3dDeferred, bevy_pbr::render::mesh::MeshPipeline>' has not run for 3258167296 ticks. Changes older than 3258167295 ticks will not be detected. log.target = "bevy_ecs::system::system";
log.module_path = "bevy_ecs::system::system";
log.file = "/Users/hynding/.cargo/registry/src/index.crates.io-1949cf8c6b5b557f/bevy_ecs-0.17.3/src/system/system.rs";
log.line = 262; color: orange; background: #444 color: gray; font-style: italic color: inherit @ http://localhost:8124/out/breakneck-baseball.js:981
[180178092ms] [LOG] %cWARN%c %c System 'bevy_render::batching::gpu_preprocessing::batch_and_prepare_sorted_render_phase<bevy_core_pipeline::core_3d::Transmissive3d, bevy_pbr::render::mesh::MeshPipeline>' has not run for 3258167296 ticks. Changes older than 3258167295 ticks will not be detected. log.target = "bevy_ecs::system::system";
log.module_path = "bevy_ecs::system::system";
log.file = "/Users/hynding/.cargo/registry/src/index.crates.io-1949cf8c6b5b557f/bevy_ecs-0.17.3/src/system/system.rs";
log.line = 262; color: orange; background: #444 color: gray; font-style: italic color: inherit @ http://localhost:8124/out/breakneck-baseball.js:981
[180178092ms] [LOG] %cWARN%c %c System 'bevy_render::batching::gpu_preprocessing::batch_and_prepare_sorted_render_phase<bevy_core_pipeline::core_3d::Transparent3d, bevy_pbr::render::mesh::MeshPipeline>' has not run for 3258167296 ticks. Changes older than 3258167295 ticks will not be detected. log.target = "bevy_ecs::system::system";
log.module_path = "bevy_ecs::system::system";
log.file = "/Users/hynding/.cargo/registry/src/index.crates.io-1949cf8c6b5b557f/bevy_ecs-0.17.3/src/system/system.rs";
log.line = 262; color: orange; background: #444 color: gray; font-style: italic color: inherit @ http://localhost:8124/out/breakneck-baseball.js:981
[180178092ms] [LOG] %cWARN%c %c System 'bevy_render::batching::gpu_preprocessing::batch_and_prepare_binned_render_phase<bevy_core_pipeline::prepass::Opaque3dPrepass, bevy_pbr::render::mesh::MeshPipeline>' has not run for 3258167296 ticks. Changes older than 3258167295 ticks will not be detected. log.target = "bevy_ecs::system::system";
log.module_path = "bevy_ecs::system::system";
log.file = "/Users/hynding/.cargo/registry/src/index.crates.io-1949cf8c6b5b557f/bevy_ecs-0.17.3/src/system/system.rs";
log.line = 262; color: orange; background: #444 color: gray; font-style: italic color: inherit @ http://localhost:8124/out/breakneck-baseball.js:981
[180178092ms] [LOG] %cWARN%c %c System 'bevy_render::batching::gpu_preprocessing::batch_and_prepare_binned_render_phase<bevy_core_pipeline::prepass::AlphaMask3dPrepass, bevy_pbr::render::mesh::MeshPipeline>' has not run for 3258167296 ticks. Changes older than 3258167295 ticks will not be detected. log.target = "bevy_ecs::system::system";
log.module_path = "bevy_ecs::system::system";
log.file = "/Users/hynding/.cargo/registry/src/index.crates.io-1949cf8c6b5b557f/bevy_ecs-0.17.3/src/system/system.rs";
log.line = 262; color: orange; background: #444 color: gray; font-style: italic color: inherit @ http://localhost:8124/out/breakneck-baseball.js:981
[180178092ms] [LOG] %cWARN%c %c System 'bevy_render::batching::gpu_preprocessing::batch_and_prepare_binned_render_phase<bevy_core_pipeline::deferred::Opaque3dDeferred, bevy_pbr::render::mesh::MeshPipeline>' has not run for 3258167296 ticks. Changes older than 3258167295 ticks will not be detected. log.target = "bevy_ecs::system::system";
log.module_path = "bevy_ecs::system::system";
log.file = "/Users/hynding/.cargo/registry/src/index.crates.io-1949cf8c6b5b557f/bevy_ecs-0.17.3/src/system/system.rs";
log.line = 262; color: orange; background: #444 color: gray; font-style: italic color: inherit @ http://localhost:8124/out/breakneck-baseball.js:981
[180178092ms] [LOG] %cWARN%c %c System 'bevy_render::batching::gpu_preprocessing::batch_and_prepare_binned_render_phase<bevy_pbr::render::light::Shadow, bevy_pbr::render::mesh::MeshPipeline>' has not run for 3258167296 ticks. Changes older than 3258167295 ticks will not be detected. log.target = "bevy_ecs::system::system";
log.module_path = "bevy_ecs::system::system";
log.file = "/Users/hynding/.cargo/registry/src/index.crates.io-1949cf8c6b5b557f/bevy_ecs-0.17.3/src/system/system.rs";
log.line = 262; color: orange; background: #444 color: gray; font-style: italic color: inherit @ http://localhost:8124/out/breakneck-baseball.js:981
[180178092ms] [LOG] %cWARN%c %c System 'bevy_render::batching::gpu_preprocessing::batch_and_prepare_binned_render_phase<bevy_core_pipeline::core_3d::AlphaMask3d, bevy_pbr::render::mesh::MeshPipeline>' has not run for 3258167296 ticks. Changes older than 3258167295 ticks will not be detected. log.target = "bevy_ecs::system::system";
log.module_path = "bevy_ecs::system::system";
log.file = "/Users/hynding/.cargo/registry/src/index.crates.io-1949cf8c6b5b557f/bevy_ecs-0.17.3/src/system/system.rs";
log.line = 262; color: orange; background: #444 color: gray; font-style: italic color: inherit @ http://localhost:8124/out/breakneck-baseball.js:981
[180178092ms] [LOG] %cWARN%c %c System 'bevy_render::batching::gpu_preprocessing::batch_and_prepare_binned_render_phase<bevy_core_pipeline::core_3d::Opaque3d, bevy_pbr::render::mesh::MeshPipeline>' has not run for 3258167296 ticks. Changes older than 3258167295 ticks will not be detected. log.target = "bevy_ecs::system::system";
log.module_path = "bevy_ecs::system::system";
log.file = "/Users/hynding/.cargo/registry/src/index.crates.io-1949cf8c6b5b557f/bevy_ecs-0.17.3/src/system/system.rs";
log.line = 262; color: orange; background: #444 color: gray; font-style: italic color: inherit @ http://localhost:8124/out/breakneck-baseball.js:981
[180178092ms] [LOG] %cWARN%c %c System 'bevy_core_pipeline::experimental::mip_generation::prepare_view_depth_pyramids' has not run for 3258167296 ticks. Changes older than 3258167295 ticks will not be detected. log.target = "bevy_ecs::system::system";
log.module_path = "bevy_ecs::system::system";
log.file = "/Users/hynding/.cargo/registry/src/index.crates.io-1949cf8c6b5b557f/bevy_ecs-0.17.3/src/system/system.rs";
log.line = 262; color: orange; background: #444 color: gray; font-style: italic color: inherit @ http://localhost:8124/out/breakneck-baseball.js:981
[180178092ms] [LOG] %cWARN%c %c System 'bevy_core_pipeline::experimental::mip_generation::prepare_downsample_depth_view_bind_groups' has not run for 3258167296 ticks. Changes older than 3258167295 ticks will not be detected. log.target = "bevy_ecs::system::system";
log.module_path = "bevy_ecs::system::system";
log.file = "/Users/hynding/.cargo/registry/src/index.crates.io-1949cf8c6b5b557f/bevy_ecs-0.17.3/src/system/system.rs";
log.line = 262; color: orange; background: #444 color: gray; font-style: italic color: inherit @ http://localhost:8124/out/breakneck-baseball.js:981
[180178092ms] [LOG] %cWARN%c %c System 'bevy_render::batching::gpu_preprocessing::collect_buffers_for_phase<bevy_core_pipeline::core_3d::Opaque3d, bevy_pbr::render::mesh::MeshPipeline>' has not run for 3258167296 ticks. Changes older than 3258167295 ticks will not be detected. log.target = "bevy_ecs::system::system";
log.module_path = "bevy_ecs::system::system";
log.file = "/Users/hynding/.cargo/registry/src/index.crates.io-1949cf8c6b5b557f/bevy_ecs-0.17.3/src/system/system.rs";
log.line = 262; color: orange; background: #444 color: gray; font-style: italic color: inherit @ http://localhost:8124/out/breakneck-baseball.js:981
[180178092ms] [LOG] %cWARN%c %c System 'bevy_render::batching::gpu_preprocessing::collect_buffers_for_phase<bevy_core_pipeline::core_3d::AlphaMask3d, bevy_pbr::render::mesh::MeshPipeline>' has not run for 3258167296 ticks. Changes older than 3258167295 ticks will not be detected. log.target = "bevy_ecs::system::system";
log.module_path = "bevy_ecs::system::system";
log.file = "/Users/hynding/.cargo/registry/src/index.crates.io-1949cf8c6b5b557f/bevy_ecs-0.17.3/src/system/system.rs";
log.line = 262; color: orange; background: #444 color: gray; font-style: italic color: inherit @ http://localhost:8124/out/breakneck-baseball.js:981
[180178092ms] [LOG] %cWARN%c %c System 'bevy_render::batching::gpu_preprocessing::collect_buffers_for_phase<bevy_pbr::render::light::Shadow, bevy_pbr::render::mesh::MeshPipeline>' has not run for 3258167296 ticks. Changes older than 3258167295 ticks will not be detected. log.target = "bevy_ecs::system::system";
log.module_path = "bevy_ecs::system::system";
log.file = "/Users/hynding/.cargo/registry/src/index.crates.io-1949cf8c6b5b557f/bevy_ecs-0.17.3/src/system/system.rs";
log.line = 262; color: orange; background: #444 color: gray; font-style: italic color: inherit @ http://localhost:8124/out/breakneck-baseball.js:981
[180178093ms] [LOG] %cWARN%c %c System 'bevy_render::batching::gpu_preprocessing::collect_buffers_for_phase<bevy_core_pipeline::deferred::AlphaMask3dDeferred, bevy_pbr::render::mesh::MeshPipeline>' has not run for 3258167296 ticks. Changes older than 3258167295 ticks will not be detected. log.target = "bevy_ecs::system::system";
log.module_path = "bevy_ecs::system::system";
log.file = "/Users/hynding/.cargo/registry/src/index.crates.io-1949cf8c6b5b557f/bevy_ecs-0.17.3/src/system/system.rs";
log.line = 262; color: orange; background: #444 color: gray; font-style: italic color: inherit @ http://localhost:8124/out/breakneck-baseball.js:981
[180178093ms] [LOG] %cWARN%c %c System 'bevy_render::batching::gpu_preprocessing::collect_buffers_for_phase<bevy_core_pipeline::core_3d::Transmissive3d, bevy_pbr::render::mesh::MeshPipeline>' has not run for 3258167296 ticks. Changes older than 3258167295 ticks will not be detected. log.target = "bevy_ecs::system::system";
log.module_path = "bevy_ecs::system::system";
log.file = "/Users/hynding/.cargo/registry/src/index.crates.io-1949cf8c6b5b557f/bevy_ecs-0.17.3/src/system/system.rs";
log.line = 262; color: orange; background: #444 color: gray; font-style: italic color: inherit @ http://localhost:8124/out/breakneck-baseball.js:981
[180178093ms] [LOG] %cWARN%c %c System 'bevy_render::batching::gpu_preprocessing::collect_buffers_for_phase<bevy_core_pipeline::core_3d::Transparent3d, bevy_pbr::render::mesh::MeshPipeline>' has not run for 3258167296 ticks. Changes older than 3258167295 ticks will not be detected. log.target = "bevy_ecs::system::system";
log.module_path = "bevy_ecs::system::system";
log.file = "/Users/hynding/.cargo/registry/src/index.crates.io-1949cf8c6b5b557f/bevy_ecs-0.17.3/src/system/system.rs";
log.line = 262; color: orange; background: #444 color: gray; font-style: italic color: inherit @ http://localhost:8124/out/breakneck-baseball.js:981
[180178093ms] [LOG] %cWARN%c %c System 'bevy_render::batching::gpu_preprocessing::collect_buffers_for_phase<bevy_core_pipeline::prepass::Opaque3dPrepass, bevy_pbr::render::mesh::MeshPipeline>' has not run for 3258167296 ticks. Changes older than 3258167295 ticks will not be detected. log.target = "bevy_ecs::system::system";
log.module_path = "bevy_ecs::system::system";
log.file = "/Users/hynding/.cargo/registry/src/index.crates.io-1949cf8c6b5b557f/bevy_ecs-0.17.3/src/system/system.rs";
log.line = 262; color: orange; background: #444 color: gray; font-style: italic color: inherit @ http://localhost:8124/out/breakneck-baseball.js:981
[180178093ms] [LOG] %cWARN%c %c System 'bevy_render::batching::gpu_preprocessing::collect_buffers_for_phase<bevy_core_pipeline::prepass::AlphaMask3dPrepass, bevy_pbr::render::mesh::MeshPipeline>' has not run for 3258167296 ticks. Changes older than 3258167295 ticks will not be detected. log.target = "bevy_ecs::system::system";
log.module_path = "bevy_ecs::system::system";
log.file = "/Users/hynding/.cargo/registry/src/index.crates.io-1949cf8c6b5b557f/bevy_ecs-0.17.3/src/system/system.rs";
log.line = 262; color: orange; background: #444 color: gray; font-style: italic color: inherit @ http://localhost:8124/out/breakneck-baseball.js:981
[180178093ms] [LOG] %cWARN%c %c System 'bevy_render::batching::gpu_preprocessing::collect_buffers_for_phase<bevy_core_pipeline::deferred::Opaque3dDeferred, bevy_pbr::render::mesh::MeshPipeline>' has not run for 3258167296 ticks. Changes older than 3258167295 ticks will not be detected. log.target = "bevy_ecs::system::system";
log.module_path = "bevy_ecs::system::system";
log.file = "/Users/hynding/.cargo/registry/src/index.crates.io-1949cf8c6b5b557f/bevy_ecs-0.17.3/src/system/system.rs";
log.line = 262; color: orange; background: #444 color: gray; font-style: italic color: inherit @ http://localhost:8124/out/breakneck-baseball.js:981
[182536632ms] [LOG] %cWARN%c %c System 'breakneck_baseball::game::sim::director::enforce_routing' has not run for 3258167296 ticks. Changes older than 3258167295 ticks will not be detected. log.target = "bevy_ecs::system::system";
log.module_path = "bevy_ecs::system::system";
log.file = "/Users/hynding/.cargo/registry/src/index.crates.io-1949cf8c6b5b557f/bevy_ecs-0.17.3/src/system/system.rs";
log.line = 262; color: orange; background: #444 color: gray; font-style: italic color: inherit @ http://localhost:8124/out/breakneck-baseball.js:981
[182536632ms] [LOG] %cWARN%c %c System 'breakneck_baseball::game::sim::director::direct' has not run for 3258167296 ticks. Changes older than 3258167295 ticks will not be detected. log.target = "bevy_ecs::system::system";
log.module_path = "bevy_ecs::system::system";
log.file = "/Users/hynding/.cargo/registry/src/index.crates.io-1949cf8c6b5b557f/bevy_ecs-0.17.3/src/system/system.rs";
log.line = 262; color: orange; background: #444 color: gray; font-style: italic color: inherit @ http://localhost:8124/out/breakneck-baseball.js:981
[182536633ms] [LOG] %cWARN%c %c System 'bevy_winit::accessibility::update_accessibility_nodes' has not run for 3258167296 ticks. Changes older than 3258167295 ticks will not be detected. log.target = "bevy_ecs::system::system";
log.module_path = "bevy_ecs::system::system";
log.file = "/Users/hynding/.cargo/registry/src/index.crates.io-1949cf8c6b5b557f/bevy_ecs-0.17.3/src/system/system.rs";
log.line = 262; color: orange; background: #444 color: gray; font-style: italic color: inherit @ http://localhost:8124/out/breakneck-baseball.js:981
[182536633ms] [LOG] %cWARN%c %c System 'bevy_asset::assets::Assets<bevy_asset::folder::LoadedFolder>::asset_events' has not run for 3258167296 ticks. Changes older than 3258167295 ticks will not be detected. log.target = "bevy_ecs::system::system";
log.module_path = "bevy_ecs::system::system";
log.file = "/Users/hynding/.cargo/registry/src/index.crates.io-1949cf8c6b5b557f/bevy_ecs-0.17.3/src/system/system.rs";
log.line = 262; color: orange; background: #444 color: gray; font-style: italic color: inherit @ http://localhost:8124/out/breakneck-baseball.js:981
[182536633ms] [LOG] %cWARN%c %c System 'bevy_asset::assets::Assets<bevy_asset::assets::LoadedUntypedAsset>::asset_events' has not run for 3258167296 ticks. Changes older than 3258167295 ticks will not be detected. log.target = "bevy_ecs::system::system";
log.module_path = "bevy_ecs::system::system";
log.file = "/Users/hynding/.cargo/registry/src/index.crates.io-1949cf8c6b5b557f/bevy_ecs-0.17.3/src/system/system.rs";
log.line = 262; color: orange; background: #444 color: gray; font-style: italic color: inherit @ http://localhost:8124/out/breakneck-baseball.js:981
[182536633ms] [LOG] %cWARN%c %c System 'bevy_asset::assets::Assets<()>::asset_events' has not run for 3258167296 ticks. Changes older than 3258167295 ticks will not be detected. log.target = "bevy_ecs::system::system";
log.module_path = "bevy_ecs::system::system";
log.file = "/Users/hynding/.cargo/registry/src/index.crates.io-1949cf8c6b5b557f/bevy_ecs-0.17.3/src/system/system.rs";
log.line = 262; color: orange; background: #444 color: gray; font-style: italic color: inherit @ http://localhost:8124/out/breakneck-baseball.js:981
[182536633ms] [LOG] %cWARN%c %c System 'bevy_asset::assets::Assets<bevy_scene::dynamic_scene::DynamicScene>::asset_events' has not run for 3258167296 ticks. Changes older than 3258167295 ticks will not be detected. log.target = "bevy_ecs::system::system";
log.module_path = "bevy_ecs::system::system";
log.file = "/Users/hynding/.cargo/registry/src/index.crates.io-1949cf8c6b5b557f/bevy_ecs-0.17.3/src/system/system.rs";
log.line = 262; color: orange; background: #444 color: gray; font-style: italic color: inherit @ http://localhost:8124/out/breakneck-baseball.js:981
[182536633ms] [LOG] %cWARN%c %c System 'bevy_asset::assets::Assets<bevy_render::storage::ShaderStorageBuffer>::asset_events' has not run for 3258167296 ticks. Changes older than 3258167295 ticks will not be detected. log.target = "bevy_ecs::system::system";
log.module_path = "bevy_ecs::system::system";
log.file = "/Users/hynding/.cargo/registry/src/index.crates.io-1949cf8c6b5b557f/bevy_ecs-0.17.3/src/system/system.rs";
log.line = 262; color: orange; background: #444 color: gray; font-style: italic color: inherit @ http://localhost:8124/out/breakneck-baseball.js:981
[182536633ms] [LOG] %cWARN%c %c System 'bevy_asset::assets::Assets<bevy_sprite_render::tilemap_chunk::tilemap_chunk_material::TilemapChunkMaterial>::asset_events' has not run for 3258167296 ticks. Changes older than 3258167295 ticks will not be detected. log.target = "bevy_ecs::system::system";
log.module_path = "bevy_ecs::system::system";
log.file = "/Users/hynding/.cargo/registry/src/index.crates.io-1949cf8c6b5b557f/bevy_ecs-0.17.3/src/system/system.rs";
log.line = 262; color: orange; background: #444 color: gray; font-style: italic color: inherit @ http://localhost:8124/out/breakneck-baseball.js:981
[182536633ms] [LOG] %cWARN%c %c System 'bevy_asset::assets::Assets<bevy_pbr::extended_material::ExtendedMaterial<bevy_pbr::pbr_material::StandardMaterial, bevy_pbr::decal::forward::ForwardDecalMaterialExt>>::asset_events' has not run for 3258167296 ticks. Changes older than 3258167295 ticks will not be detected. log.target = "bevy_ecs::system::system";
log.module_path = "bevy_ecs::system::system";
log.file = "/Users/hynding/.cargo/registry/src/index.crates.io-1949cf8c6b5b557f/bevy_ecs-0.17.3/src/system/system.rs";
log.line = 262; color: orange; background: #444 color: gray; font-style: italic color: inherit @ http://localhost:8124/out/breakneck-baseball.js:981
[182536633ms] [LOG] %cWARN%c %c System 'bevy_asset::assets::Assets<bevy_gltf::assets::GltfPrimitive>::asset_events' has not run for 3258167296 ticks. Changes older than 3258167295 ticks will not be detected. log.target = "bevy_ecs::system::system";
log.module_path = "bevy_ecs::system::system";
log.file = "/Users/hynding/.cargo/registry/src/index.crates.io-1949cf8c6b5b557f/bevy_ecs-0.17.3/src/system/system.rs";
log.line = 262; color: orange; background: #444 color: gray; font-style: italic color: inherit @ http://localhost:8124/out/breakneck-baseball.js:981
[182536633ms] [LOG] %cWARN%c %c System 'bevy_asset::assets::Assets<bevy_audio::pitch::Pitch>::asset_events' has not run for 3258167296 ticks. Changes older than 3258167295 ticks will not be detected. log.target = "bevy_ecs::system::system";
log.module_path = "bevy_ecs::system::system";
log.file = "/Users/hynding/.cargo/registry/src/index.crates.io-1949cf8c6b5b557f/bevy_ecs-0.17.3/src/system/system.rs";
log.line = 262; color: orange; background: #444 color: gray; font-style: italic color: inherit @ http://localhost:8124/out/breakneck-baseball.js:981
[182536633ms] [LOG] %cWARN%c %c System 'bevy_asset::assets::Assets<bevy_gizmos::GizmoAsset>::asset_events' has not run for 3258167296 ticks. Changes older than 3258167295 ticks will not be detected. log.target = "bevy_ecs::system::system";
log.module_path = "bevy_ecs::system::system";
log.file = "/Users/hynding/.cargo/registry/src/index.crates.io-1949cf8c6b5b557f/bevy_ecs-0.17.3/src/system/system.rs";
log.line = 262; color: orange; background: #444 color: gray; font-style: italic color: inherit @ http://localhost:8124/out/breakneck-baseball.js:981
[182536633ms] [LOG] %cWARN%c %c System 'bevy_gizmos::light::draw_all_lights' has not run for 3258167296 ticks. Changes older than 3258167295 ticks will not be detected. log.target = "bevy_ecs::system::system";
log.module_path = "bevy_ecs::system::system";
log.file = "/Users/hynding/.cargo/registry/src/index.crates.io-1949cf8c6b5b557f/bevy_ecs-0.17.3/src/system/system.rs";
log.line = 262; color: orange; background: #444 color: gray; font-style: italic color: inherit @ http://localhost:8124/out/breakneck-baseball.js:981
[182536633ms] [LOG] %cWARN%c %c System 'bevy_gizmos::aabb::draw_all_aabbs' has not run for 3258167296 ticks. Changes older than 3258167295 ticks will not be detected. log.target = "bevy_ecs::system::system";
log.module_path = "bevy_ecs::system::system";
log.file = "/Users/hynding/.cargo/registry/src/index.crates.io-1949cf8c6b5b557f/bevy_ecs-0.17.3/src/system/system.rs";
log.line = 262; color: orange; background: #444 color: gray; font-style: italic color: inherit @ http://localhost:8124/out/breakneck-baseball.js:981
[187536383ms] [LOG] %cWARN%c %c System 'bevy_render::batching::gpu_preprocessing::batch_and_prepare_binned_render_phase<bevy_core_pipeline::deferred::AlphaMask3dDeferred, bevy_pbr::render::mesh::MeshPipeline>' has not run for 3258167296 ticks. Changes older than 3258167295 ticks will not be detected. log.target = "bevy_ecs::system::system";
log.module_path = "bevy_ecs::system::system";
log.file = "/Users/hynding/.cargo/registry/src/index.crates.io-1949cf8c6b5b557f/bevy_ecs-0.17.3/src/system/system.rs";
log.line = 262; color: orange; background: #444 color: gray; font-style: italic color: inherit @ http://localhost:8124/out/breakneck-baseball.js:981
[187536383ms] [LOG] %cWARN%c %c System 'bevy_render::batching::gpu_preprocessing::batch_and_prepare_sorted_render_phase<bevy_core_pipeline::core_3d::Transmissive3d, bevy_pbr::render::mesh::MeshPipeline>' has not run for 3258167296 ticks. Changes older than 3258167295 ticks will not be detected. log.target = "bevy_ecs::system::system";
log.module_path = "bevy_ecs::system::system";
log.file = "/Users/hynding/.cargo/registry/src/index.crates.io-1949cf8c6b5b557f/bevy_ecs-0.17.3/src/system/system.rs";
log.line = 262; color: orange; background: #444 color: gray; font-style: italic color: inherit @ http://localhost:8124/out/breakneck-baseball.js:981
[187536383ms] [LOG] %cWARN%c %c System 'bevy_render::batching::gpu_preprocessing::batch_and_prepare_sorted_render_phase<bevy_core_pipeline::core_3d::Transparent3d, bevy_pbr::render::mesh::MeshPipeline>' has not run for 3258167296 ticks. Changes older than 3258167295 ticks will not be detected. log.target = "bevy_ecs::system::system";
log.module_path = "bevy_ecs::system::system";
log.file = "/Users/hynding/.cargo/registry/src/index.crates.io-1949cf8c6b5b557f/bevy_ecs-0.17.3/src/system/system.rs";
log.line = 262; color: orange; background: #444 color: gray; font-style: italic color: inherit @ http://localhost:8124/out/breakneck-baseball.js:981
[187536383ms] [LOG] %cWARN%c %c System 'bevy_render::batching::gpu_preprocessing::batch_and_prepare_binned_render_phase<bevy_core_pipeline::prepass::Opaque3dPrepass, bevy_pbr::render::mesh::MeshPipeline>' has not run for 3258167296 ticks. Changes older than 3258167295 ticks will not be detected. log.target = "bevy_ecs::system::system";
log.module_path = "bevy_ecs::system::system";
log.file = "/Users/hynding/.cargo/registry/src/index.crates.io-1949cf8c6b5b557f/bevy_ecs-0.17.3/src/system/system.rs";
log.line = 262; color: orange; background: #444 color: gray; font-style: italic color: inherit @ http://localhost:8124/out/breakneck-baseball.js:981
[187536383ms] [LOG] %cWARN%c %c System 'bevy_render::batching::gpu_preprocessing::batch_and_prepare_binned_render_phase<bevy_core_pipeline::prepass::AlphaMask3dPrepass, bevy_pbr::render::mesh::MeshPipeline>' has not run for 3258167296 ticks. Changes older than 3258167295 ticks will not be detected. log.target = "bevy_ecs::system::system";
log.module_path = "bevy_ecs::system::system";
log.file = "/Users/hynding/.cargo/registry/src/index.crates.io-1949cf8c6b5b557f/bevy_ecs-0.17.3/src/system/system.rs";
log.line = 262; color: orange; background: #444 color: gray; font-style: italic color: inherit @ http://localhost:8124/out/breakneck-baseball.js:981
[187536383ms] [LOG] %cWARN%c %c System 'bevy_render::batching::gpu_preprocessing::batch_and_prepare_binned_render_phase<bevy_core_pipeline::deferred::Opaque3dDeferred, bevy_pbr::render::mesh::MeshPipeline>' has not run for 3258167296 ticks. Changes older than 3258167295 ticks will not be detected. log.target = "bevy_ecs::system::system";
log.module_path = "bevy_ecs::system::system";
log.file = "/Users/hynding/.cargo/registry/src/index.crates.io-1949cf8c6b5b557f/bevy_ecs-0.17.3/src/system/system.rs";
log.line = 262; color: orange; background: #444 color: gray; font-style: italic color: inherit @ http://localhost:8124/out/breakneck-baseball.js:981
[187536383ms] [LOG] %cWARN%c %c System 'bevy_render::batching::gpu_preprocessing::batch_and_prepare_binned_render_phase<bevy_pbr::render::light::Shadow, bevy_pbr::render::mesh::MeshPipeline>' has not run for 3258167296 ticks. Changes older than 3258167295 ticks will not be detected. log.target = "bevy_ecs::system::system";
log.module_path = "bevy_ecs::system::system";
log.file = "/Users/hynding/.cargo/registry/src/index.crates.io-1949cf8c6b5b557f/bevy_ecs-0.17.3/src/system/system.rs";
log.line = 262; color: orange; background: #444 color: gray; font-style: italic color: inherit @ http://localhost:8124/out/breakneck-baseball.js:981
[187536383ms] [LOG] %cWARN%c %c System 'bevy_render::batching::gpu_preprocessing::batch_and_prepare_binned_render_phase<bevy_core_pipeline::core_3d::AlphaMask3d, bevy_pbr::render::mesh::MeshPipeline>' has not run for 3258167296 ticks. Changes older than 3258167295 ticks will not be detected. log.target = "bevy_ecs::system::system";
log.module_path = "bevy_ecs::system::system";
log.file = "/Users/hynding/.cargo/registry/src/index.crates.io-1949cf8c6b5b557f/bevy_ecs-0.17.3/src/system/system.rs";
log.line = 262; color: orange; background: #444 color: gray; font-style: italic color: inherit @ http://localhost:8124/out/breakneck-baseball.js:981
[187536383ms] [LOG] %cWARN%c %c System 'bevy_render::batching::gpu_preprocessing::batch_and_prepare_binned_render_phase<bevy_core_pipeline::core_3d::Opaque3d, bevy_pbr::render::mesh::MeshPipeline>' has not run for 3258167296 ticks. Changes older than 3258167295 ticks will not be detected. log.target = "bevy_ecs::system::system";
log.module_path = "bevy_ecs::system::system";
log.file = "/Users/hynding/.cargo/registry/src/index.crates.io-1949cf8c6b5b557f/bevy_ecs-0.17.3/src/system/system.rs";
log.line = 262; color: orange; background: #444 color: gray; font-style: italic color: inherit @ http://localhost:8124/out/breakneck-baseball.js:981
[187536384ms] [LOG] %cWARN%c %c System 'bevy_core_pipeline::experimental::mip_generation::prepare_view_depth_pyramids' has not run for 3258167296 ticks. Changes older than 3258167295 ticks will not be detected. log.target = "bevy_ecs::system::system";
log.module_path = "bevy_ecs::system::system";
log.file = "/Users/hynding/.cargo/registry/src/index.crates.io-1949cf8c6b5b557f/bevy_ecs-0.17.3/src/system/system.rs";
log.line = 262; color: orange; background: #444 color: gray; font-style: italic color: inherit @ http://localhost:8124/out/breakneck-baseball.js:981
[187536384ms] [LOG] %cWARN%c %c System 'bevy_core_pipeline::experimental::mip_generation::prepare_downsample_depth_view_bind_groups' has not run for 3258167296 ticks. Changes older than 3258167295 ticks will not be detected. log.target = "bevy_ecs::system::system";
log.module_path = "bevy_ecs::system::system";
log.file = "/Users/hynding/.cargo/registry/src/index.crates.io-1949cf8c6b5b557f/bevy_ecs-0.17.3/src/system/system.rs";
log.line = 262; color: orange; background: #444 color: gray; font-style: italic color: inherit @ http://localhost:8124/out/breakneck-baseball.js:981
[187536384ms] [LOG] %cWARN%c %c System 'bevy_render::batching::gpu_preprocessing::collect_buffers_for_phase<bevy_core_pipeline::core_3d::Opaque3d, bevy_pbr::render::mesh::MeshPipeline>' has not run for 3258167296 ticks. Changes older than 3258167295 ticks will not be detected. log.target = "bevy_ecs::system::system";
log.module_path = "bevy_ecs::system::system";
log.file = "/Users/hynding/.cargo/registry/src/index.crates.io-1949cf8c6b5b557f/bevy_ecs-0.17.3/src/system/system.rs";
log.line = 262; color: orange; background: #444 color: gray; font-style: italic color: inherit @ http://localhost:8124/out/breakneck-baseball.js:981
[187536384ms] [LOG] %cWARN%c %c System 'bevy_render::batching::gpu_preprocessing::collect_buffers_for_phase<bevy_core_pipeline::core_3d::AlphaMask3d, bevy_pbr::render::mesh::MeshPipeline>' has not run for 3258167296 ticks. Changes older than 3258167295 ticks will not be detected. log.target = "bevy_ecs::system::system";
log.module_path = "bevy_ecs::system::system";
log.file = "/Users/hynding/.cargo/registry/src/index.crates.io-1949cf8c6b5b557f/bevy_ecs-0.17.3/src/system/system.rs";
log.line = 262; color: orange; background: #444 color: gray; font-style: italic color: inherit @ http://localhost:8124/out/breakneck-baseball.js:981
[187536384ms] [LOG] %cWARN%c %c System 'bevy_render::batching::gpu_preprocessing::collect_buffers_for_phase<bevy_pbr::render::light::Shadow, bevy_pbr::render::mesh::MeshPipeline>' has not run for 3258167296 ticks. Changes older than 3258167295 ticks will not be detected. log.target = "bevy_ecs::system::system";
log.module_path = "bevy_ecs::system::system";
log.file = "/Users/hynding/.cargo/registry/src/index.crates.io-1949cf8c6b5b557f/bevy_ecs-0.17.3/src/system/system.rs";
log.line = 262; color: orange; background: #444 color: gray; font-style: italic color: inherit @ http://localhost:8124/out/breakneck-baseball.js:981
[187536384ms] [LOG] %cWARN%c %c System 'bevy_render::batching::gpu_preprocessing::collect_buffers_for_phase<bevy_core_pipeline::deferred::AlphaMask3dDeferred, bevy_pbr::render::mesh::MeshPipeline>' has not run for 3258167296 ticks. Changes older than 3258167295 ticks will not be detected. log.target = "bevy_ecs::system::system";
log.module_path = "bevy_ecs::system::system";
log.file = "/Users/hynding/.cargo/registry/src/index.crates.io-1949cf8c6b5b557f/bevy_ecs-0.17.3/src/system/system.rs";
log.line = 262; color: orange; background: #444 color: gray; font-style: italic color: inherit @ http://localhost:8124/out/breakneck-baseball.js:981
[187536384ms] [LOG] %cWARN%c %c System 'bevy_render::batching::gpu_preprocessing::collect_buffers_for_phase<bevy_core_pipeline::core_3d::Transmissive3d, bevy_pbr::render::mesh::MeshPipeline>' has not run for 3258167296 ticks. Changes older than 3258167295 ticks will not be detected. log.target = "bevy_ecs::system::system";
log.module_path = "bevy_ecs::system::system";
log.file = "/Users/hynding/.cargo/registry/src/index.crates.io-1949cf8c6b5b557f/bevy_ecs-0.17.3/src/system/system.rs";
log.line = 262; color: orange; background: #444 color: gray; font-style: italic color: inherit @ http://localhost:8124/out/breakneck-baseball.js:981
[187536384ms] [LOG] %cWARN%c %c System 'bevy_render::batching::gpu_preprocessing::collect_buffers_for_phase<bevy_core_pipeline::core_3d::Transparent3d, bevy_pbr::render::mesh::MeshPipeline>' has not run for 3258167296 ticks. Changes older than 3258167295 ticks will not be detected. log.target = "bevy_ecs::system::system";
log.module_path = "bevy_ecs::system::system";
log.file = "/Users/hynding/.cargo/registry/src/index.crates.io-1949cf8c6b5b557f/bevy_ecs-0.17.3/src/system/system.rs";
log.line = 262; color: orange; background: #444 color: gray; font-style: italic color: inherit @ http://localhost:8124/out/breakneck-baseball.js:981
[187536384ms] [LOG] %cWARN%c %c System 'bevy_render::batching::gpu_preprocessing::collect_buffers_for_phase<bevy_core_pipeline::prepass::Opaque3dPrepass, bevy_pbr::render::mesh::MeshPipeline>' has not run for 3258167296 ticks. Changes older than 3258167295 ticks will not be detected. log.target = "bevy_ecs::system::system";
log.module_path = "bevy_ecs::system::system";
log.file = "/Users/hynding/.cargo/registry/src/index.crates.io-1949cf8c6b5b557f/bevy_ecs-0.17.3/src/system/system.rs";
log.line = 262; color: orange; background: #444 color: gray; font-style: italic color: inherit @ http://localhost:8124/out/breakneck-baseball.js:981
[187536384ms] [LOG] %cWARN%c %c System 'bevy_render::batching::gpu_preprocessing::collect_buffers_for_phase<bevy_core_pipeline::prepass::AlphaMask3dPrepass, bevy_pbr::render::mesh::MeshPipeline>' has not run for 3258167296 ticks. Changes older than 3258167295 ticks will not be detected. log.target = "bevy_ecs::system::system";
log.module_path = "bevy_ecs::system::system";
log.file = "/Users/hynding/.cargo/registry/src/index.crates.io-1949cf8c6b5b557f/bevy_ecs-0.17.3/src/system/system.rs";
log.line = 262; color: orange; background: #444 color: gray; font-style: italic color: inherit @ http://localhost:8124/out/breakneck-baseball.js:981
[187536384ms] [LOG] %cWARN%c %c System 'bevy_render::batching::gpu_preprocessing::collect_buffers_for_phase<bevy_core_pipeline::deferred::Opaque3dDeferred, bevy_pbr::render::mesh::MeshPipeline>' has not run for 3258167296 ticks. Changes older than 3258167295 ticks will not be detected. log.target = "bevy_ecs::system::system";
log.module_path = "bevy_ecs::system::system";
log.file = "/Users/hynding/.cargo/registry/src/index.crates.io-1949cf8c6b5b557f/bevy_ecs-0.17.3/src/system/system.rs";
log.line = 262; color: orange; background: #444 color: gray; font-style: italic color: inherit @ http://localhost:8124/out/breakneck-baseball.js:981
